GWAP,LWAP,FLOW_MIN,RESERVE_GWAP_Fr,RESERVE_GWAP_Ru,RESERVE_GWAP_Rd,RESERVE_GWAP_Dr,Hourly Demand,RAINFALL_Davao City,TMAX_Davao City,TMIN_Davao City,RAINFALL_Surigao,TMAX_Surigao,TMIN_Surigao,RAINFALL_Zamboanga,TMAX_Zamboanga,TMIN_Zamboanga,RAINFALL_Dipolog,TMAX_Dipolog,TMIN_Dipolog,RAINFALL_Butuan,TMAX_Butuan,TMIN_Butuan,RAINFALL_Malaybalay,TMAX_Malaybalay,TMIN_Malaybalay,RAINFALL_General Santos,TMAX_General Santos,TMIN_General Santos,RAINFALL_Cotabato,TMAX_Cotabato,TMIN_Cotabato
7986.162887503458,8308.36837,0.0,0.0013375129003944,2926.2225247852425,23556.485529048536,21085.690148504626,29498.0,0.3,29.6,24.1,19.4,28.5,23.0,1.8,33.0,23.5,0.1,32.4,25.4,23.0,26.2,22.5,0.4,27.8,19.0,-1.0,32.0,22.6,0.0,32.0,23.0
1703.3744726256807,1794.400681,0.0,0.0004731700748023,0.0005120521806853,30502.60777841803,8600.833262226986,30967.0,19.5,28.9,23.4,36.8,30.4,23.0,1.0,34.5,24.3,23.0,31.2,23.2,61.6,29.0,23.0,41.0,26.8,19.0,8.6,29.0,21.0,7.5,31.4,22.8
4950.363216946701,5199.120559,0.0,0.0018748704767259,5.2860411899313504e-05,27326.198063049887,30414.33176265644,34909.0,2.0,30.0,24.8,13.6,26.5,23.0,0.6,34.4,24.5,148.8,29.2,24.2,5.0,29.6,23.0,8.8,27.5,19.8,0.0,30.9,21.8,9.0,31.2,23.4
4230.427969237649,4457.543753,0.0,0.0022889757389372,0.0,27973.528855052635,9854.434540736343,35837.0,2.4,29.6,24.8,4.2,26.8,22.8,15.9,30.7,24.7,7.4,28.5,23.2,0.6,28.4,23.6,5.0,29.0,19.6,0.0,30.9,23.4,25.2,32.4,23.0
13689.111498731276,14402.25235,0.0,0.0020642703498245,0.0,19049.17600121002,12625.554874155732,37220.0,12.8,31.0,24.3,6.5,29.8,23.9,1.8,32.0,25.5,1.9,31.7,23.5,0.2,33.9,23.5,1.4,29.5,18.4,0.0,31.8,23.5,2.1,32.6,23.6
16946.166883822072,17874.70908,0.0,0.0,0.0,15521.936464179233,31061.74895530979,38312.0,9.0,32.8,23.2,103.8,30.2,22.1,0.0,35.3,24.0,0.6,31.8,25.4,33.6,33.1,23.2,5.3,32.0,19.5,-1.0,32.7,23.0,-1.0,33.4,23.4
7455.974184951105,7854.697514,0.0,0.0,0.0,24900.201393724594,14974.983815164502,35186.0,1.1,28.0,24.0,101.4,27.0,22.2,8.1,35.0,23.8,8.4,30.4,23.0,9.9,28.5,22.5,1.8,28.0,19.1,-1.0,27.7,22.9,-1.0,29.2,22.6
1301.244607,1370.242347,0.0,0.0,0.0005599315068493,30789.904065926883,8919.911574653244,32244.0,0.6,28.9,24.0,152.0,27.0,22.0,0.0,34.4,23.7,7.2,28.5,22.8,21.0,26.5,23.2,2.0,26.0,19.0,0.0,30.8,23.4,0.0,30.6,23.0
10720.12388774875,11295.81677,0.0,0.002167382423798,0.0004478987993138,22355.306948296187,12796.78939143433,36827.0,-1.0,30.5,24.7,14.0,27.5,24.0,0.0,33.2,24.5,11.1,29.5,24.4,101.3,25.6,22.4,1.2,29.0,20.0,6.8,31.5,22.4,0.0,31.5,23.2
7234.420096172133,7558.023539,0.0,4.6601372701149435,3.410165933908046,24331.938590252183,8432.172038074774,36958.0,0.0,29.0,23.9,109.7,26.0,22.8,79.5,31.8,23.0,22.7,29.9,23.8,12.6,26.1,23.2,0.2,27.6,20.0,3.4,28.4,23.0,11.0,31.8,22.5
3678.736513038733,3823.12592,0.0,0.0023858328479906,0.0,26087.92918828552,8917.84801153541,35774.0,-1.0,30.2,23.8,67.4,26.8,22.6,103.2,28.7,22.8,185.3,26.9,23.0,9.1,31.0,23.9,47.6,30.5,19.0,3.6,26.3,22.1,4.2,28.2,22.4
30.550610570090676,43.87571815,0.0,0.0024146228738114,0.00070872456964,32677.36812011668,10939.803512462564,35546.0,0.2,31.8,24.3,82.0,26.0,23.0,0.0,31.7,23.3,7.9,27.6,23.7,11.5,27.5,24.0,8.7,28.6,19.8,0.2,29.8,21.9,2.0,30.0,22.7
162.9934564412265,170.0201437,0.0,0.0021441063396478,0.0007146544211302,31881.44326008611,14432.733185114392,37248.0,100.0,32.6,24.3,73.0,25.5,22.4,14.0,32.6,24.4,5.5,27.2,24.0,1.5,27.5,23.4,0.2,28.5,20.2,2.2,30.2,23.9,3.0,30.6,22.7
164.97559007388207,171.8506793,0.0,0.0021228297275278,0.0007449556093623,31848.335609615955,13541.824535327827,35173.0,3.7,29.6,25.6,6.5,26.6,22.9,2.8,28.6,24.0,6.2,28.7,23.6,5.2,27.0,23.5,8.6,27.0,19.5,3.2,28.6,23.7,18.4,29.6,23.2
5407.833848,5629.01462,0.0,0.0019310191924684,0.0006652765583845,27508.982547783093,17056.451852076567,34165.0,0.0,32.0,26.0,0.0,30.0,23.6,0.0,32.5,24.5,4.2,32.0,23.5,0.0,30.8,24.1,5.0,31.5,20.5,0.0,30.5,23.6,-1.0,30.0,23.3
2895.383907028219,3025.485694,0.0,37252.275062464614,0.0005022419876506,29746.233222970248,10957.533845298763,38939.0,0.0,33.0,25.0,-1.0,31.0,24.0,0.0,32.7,23.7,0.2,31.8,24.0,14.7,31.7,24.2,22.2,31.5,19.6,-1.0,30.6,23.0,-1.0,30.0,23.5
2067.2469020889653,2160.352079,0.0,0.0016655115461998,0.0003614372469635,30076.864305265834,10769.897710618618,39177.0,0.0,30.1,24.0,0.1,30.0,24.0,0.0,32.7,23.3,1.2,32.3,24.0,16.8,31.6,23.0,1.0,30.5,19.0,6.0,31.3,22.3,0.0,32.0,24.0
3069.3557789663664,3219.633299,0.0,0.0026296052631578,0.0003375,28741.888238616673,5084.311146811242,39118.0,0.2,32.6,24.0,-1.0,30.4,23.6,3.2,34.3,24.2,25.6,32.5,24.2,0.2,32.0,23.7,0.2,31.0,18.5,6.0,31.7,22.1,22.0,33.8,22.8
2183.4736564775717,2291.834449,0.0,0.0026794212218649,6.36e-05,29905.563145826694,10414.75863773509,39563.0,0.0,32.4,25.7,19.3,31.2,24.0,0.0,33.4,23.3,0.5,31.7,25.1,0.8,31.5,24.5,0.0,31.5,19.5,0.0,32.1,23.3,0.0,33.6,23.2
821.8827314664653,862.2312126,0.0,0.0017780054836191,0.0002712571196094,30208.4388978114,9121.603358606735,40104.0,0.0,33.0,24.6,15.9,30.8,24.5,-1.0,33.7,24.1,1.9,32.2,25.8,12.2,32.0,23.2,8.6,32.0,19.0,0.0,32.1,22.8,6.3,30.6,22.8
4542.282362,4749.410116,0.0,0.0026729476584022,0.0001930693069306,27447.15156128074,8840.653444346404,35987.0,2.0,29.4,23.9,29.8,30.0,22.9,0.0,33.8,24.0,3.6,30.7,24.3,26.8,30.2,23.0,10.7,28.0,19.1,0.4,27.3,23.6,0.3,31.6,22.6
21.471179842538714,22.43948869,0.0,0.0019657239216614,0.0004764975041597,32036.003827475077,13951.13352467941,32322.0,0.1,27.6,23.0,67.0,26.0,23.0,0.0,32.9,24.1,9.6,28.2,24.4,17.7,25.4,23.0,4.4,24.0,18.5,0.0,31.4,24.5,-1.0,29.6,22.4
35.126726641944316,36.60072591,0.0,0.0023085588072887,0.0002578512396694,29294.253394311625,10815.452180813752,36159.0,28.2,28.5,23.9,83.1,29.0,23.5,5.6,33.1,24.4,2.7,29.5,25.0,8.9,27.1,22.9,8.6,26.2,18.5,2.2,27.0,22.7,14.6,29.6,22.5
269.79875033130634,282.7659673,0.0,0.0026824357620556,0.0002609233305853,27237.01187863793,3305.54643706657,36804.0,24.4,30.0,23.6,7.0,29.0,23.7,11.1,31.7,23.9,3.2,30.2,25.1,7.0,28.5,22.0,1.9,29.0,19.0,23.0,30.8,22.8,36.0,31.4,22.9
1035.0824747682802,1081.949523,0.0,0.0024083539129357,0.0004033417935702,26842.443244249906,0.0006385365406363,36063.0,4.2,27.1,22.8,39.7,30.2,23.4,0.0,32.3,23.0,2.0,30.8,24.4,41.2,29.8,22.7,7.4,28.0,18.0,-1.0,29.5,21.8,0.0,30.8,23.0
3123.556363683439,3280.745265,0.0,0.0026898963730569,0.0003902563059397,26562.274326560982,15851.334047227769,37362.0,0.4,29.8,24.2,18.1,27.5,24.0,0.0,32.4,23.7,8.0,29.0,24.5,2.0,27.3,22.9,1.2,29.6,19.8,0.0,30.3,22.7,0.0,31.2,23.2
4405.2184243219845,4609.867054,0.0,5935.83970112761,1.273851455906822,19543.495500680623,9279.03121487742,39242.0,4.4,31.5,24.2,1.8,30.1,23.5,0.0,34.4,24.0,9.3,31.9,24.0,38.6,31.0,22.8,0.0,30.5,19.2,0.0,31.9,22.3,0.3,32.6,23.0
4875.262321476425,5098.753447,0.0,0.0017085031663788,6.735159817351597e-05,27239.07735260709,2468.4442903664094,37834.0,0.2,33.0,25.2,12.1,30.2,23.8,-1.0,32.5,24.0,1.8,31.6,25.2,35.4,31.5,23.7,6.0,32.5,19.4,5.0,32.4,22.5,1.0,32.5,23.6
1602.4608160172413,1670.724146,0.0,0.0027190837800277,0.0008791497975708,30503.76610849398,8735.595139376874,34301.0,0.9,29.0,24.0,133.5,26.0,22.0,2.6,32.4,24.2,-1.0,30.8,25.5,48.0,27.5,23.5,3.4,23.5,18.5,3.4,30.3,23.5,-1.0,30.4,23.3
3837.886295441778,4027.256122,0.0,0.0016725570509069,0.0007384204275534,29343.20896209546,9989.619040880132,37840.0,2.4,30.6,24.8,15.1,26.0,24.0,4.0,31.3,24.7,7.5,29.5,25.0,4.0,26.8,22.6,1.2,26.5,19.0,11.2,30.1,23.5,16.0,31.4,23.2
5160.539443681599,5390.969954,0.0,6.522435897435897e-05,1.037567729534148,9009.905935567887,12309.608432266954,39232.0,-1.0,32.1,25.3,41.2,27.0,23.0,82.8,31.1,22.2,48.9,32.0,23.5,5.8,29.4,23.5,2.2,29.5,19.0,0.0,32.1,22.0,6.6,33.7,23.6
5680.046910193147,5948.682939,0.0,0.0009504891667462,0.0,264.15106711873085,9277.109454003514,39634.0,10.4,32.0,25.2,8.7,30.1,24.4,0.0,34.3,24.4,25.7,30.3,24.0,4.3,31.1,23.6,9.4,29.5,19.5,0.4,32.5,23.8,1.1,32.8,23.4
5756.1211373857195,6030.178273,0.0,53.7764999131656,0.0,0.0,9877.774845332164,40088.0,3.5,32.4,24.3,5.7,30.8,24.5,4.4,32.3,23.8,-1.0,31.5,25.0,3.6,32.3,23.1,1.6,32.0,18.5,0.0,33.1,22.8,1.6,33.6,23.0
6461.045508498376,6806.879778,0.0,0.0011534603421461,0.0,125.05070069444444,13766.478259935577,39894.0,0.0,33.1,24.1,11.2,30.0,24.7,0.0,32.4,24.0,0.1,31.7,25.8,0.0,31.2,22.2,0.0,31.2,16.0,0.0,32.5,21.1,0.0,34.3,23.4
5417.954952310759,5684.904521,0.0,0.0007316050324056,0.0,0.0,10457.144168407738,37087.0,1.6,30.6,23.6,34.7,28.2,22.8,0.0,32.9,23.8,8.1,32.6,24.4,4.4,29.5,22.2,4.8,31.2,19.0,-1.0,31.8,21.9,-1.0,33.4,23.3
4849.316951183236,5062.983191,0.0,0.0030694444444444,0.0003561661506707,81.39739304695564,8870.426644910156,34685.0,0.7,32.0,24.0,6.8,30.0,23.0,0.0,34.0,23.0,10.0,31.4,24.8,3.9,30.2,23.9,1.0,30.0,18.0,0.0,33.0,21.6,0.0,33.5,23.5
6573.976466555406,6950.909514,0.0,0.0015850746268656,0.000300390625,0.000303203125,16539.180898477465,38894.0,6.6,32.1,23.7,52.8,28.5,22.6,0.0,32.8,23.5,33.5,32.2,24.6,31.3,29.6,22.6,0.0,30.5,18.5,0.0,32.4,23.0,0.0,33.8,23.0
5911.196106665685,6186.040557,0.0,0.0010027620205294,0.0,308.8589715277778,9797.926496107057,39170.0,0.4,31.5,22.8,0.4,30.0,24.0,1.4,33.4,23.4,2.7,30.7,24.7,0.6,31.0,21.0,0.8,29.5,17.0,-1.0,31.0,21.0,-1.0,32.4,23.4
5430.863914538141,5678.665755,0.0,0.0008584986015764,0.0,441.8614604040664,3713.081232600797,38559.0,-1.0,30.4,23.6,33.6,29.4,23.6,0.0,33.8,24.2,5.8,31.7,23.5,7.0,32.0,23.1,3.2,30.0,18.8,0.0,32.2,22.5,2.0,33.5,23.2
5419.867321458711,5653.579274,0.0,0.0012813740458015,9.951219512195122e-05,9389.498498135888,12537.360905042586,38889.0,12.8,31.6,23.0,24.4,28.9,24.0,10.0,32.7,23.7,1.7,30.5,23.5,1.7,30.0,23.0,0.0,29.5,18.0,-1.0,32.1,22.0,1.2,32.8,23.0
5953.94906,6235.46037,0.0,0.0002059344997156,0.0,130.75454340277778,4517.509354819387,39247.0,0.0,32.2,24.5,16.7,30.0,23.8,0.0,33.9,24.4,19.6,32.0,24.8,1.5,32.0,23.6,3.0,31.0,18.6,0.0,31.2,21.1,0.0,33.0,23.0
5863.692363485434,6130.726011,0.0,0.0018386770212175,0.0,771.4928331360185,9476.726636924826,37896.0,-1.0,33.0,25.0,2.5,30.5,24.8,0.0,33.6,24.0,2.1,32.2,25.6,0.8,32.5,22.8,0.1,31.0,18.5,0.0,34.0,24.2,0.0,34.6,23.3
4324.547857824799,4521.636574,0.0,0.0015881291733374,0.000486560805577,92.68831757681384,16194.7233782336,35171.0,3.2,32.6,24.0,24.8,31.2,23.0,0.0,34.1,23.5,0.1,32.2,24.0,19.4,31.5,23.7,1.4,30.0,18.6,0.0,32.1,23.9,0.0,33.8,23.3
5965.173772524929,6239.570793,0.0,0.0023056666666666,0.0003385034818026,106.95430578409535,9478.516211688222,38690.0,1.4,30.6,24.8,59.7,26.5,23.6,0.8,32.9,24.2,119.7,28.7,22.7,26.3,27.2,23.7,1.8,27.5,19.8,14.2,32.2,23.4,7.5,32.0,23.0
5130.350777530514,5336.292362,0.0,0.0007107998375964,9.442674123691228e-05,195.62420081706765,2251.541567858783,37376.0,14.8,27.6,22.9,93.4,26.0,22.0,0.2,30.2,23.9,77.1,25.2,22.2,124.3,30.1,23.0,74.3,28.0,19.0,7.0,25.3,22.5,5.5,27.3,22.0
4920.473174,5134.164681,0.0,0.0007549324057804,0.0,615.4257760416667,9184.942491790896,37161.0,0.1,29.8,23.5,6.9,27.5,22.2,0.0,34.5,23.9,3.2,28.7,24.7,0.6,30.1,22.4,0.0,30.5,18.1,1.6,26.1,22.9,0.3,29.4,22.8
5106.594346111851,5329.134807,0.0,0.0009400175131348,0.000234965034965,269.81853634421134,9878.7649629165,37402.0,4.6,30.8,23.2,3.9,28.0,22.7,-1.0,33.9,25.0,7.0,31.5,24.0,11.4,28.3,22.4,2.0,30.5,17.6,0.0,31.6,22.0,20.2,33.0,22.4
4994.962033900472,5211.048044,0.0,2681.7600485702196,0.0,449.38319375,9711.819139955503,36291.0,18.8,25.7,23.4,57.8,27.2,23.9,0.0,33.0,24.0,1.8,30.3,24.0,194.2,27.8,23.0,43.4,26.0,19.5,0.0,29.9,22.8,1.6,31.5,22.0
3892.534155907375,4052.44209,0.0,0.0,0.0,321.39988750661723,9147.14090507193,34645.0,0.0,30.0,23.3,76.6,27.0,22.8,0.0,31.9,24.5,7.2,27.4,23.4,23.8,28.0,22.8,2.0,28.0,19.0,0.0,30.2,22.7,-1.0,30.6,23.0
3944.987328,4116.96386,0.0,0.00029309051955,0.0,589.924876782364,14652.397670470762,34336.0,1.0,31.6,24.7,0.0,31.6,23.8,0.0,32.8,24.3,-1.0,31.7,23.6,10.8,32.8,23.3,1.2,29.0,20.0,0.0,30.1,22.8,0.0,32.2,23.0
5780.253836955078,6058.46275,0.0,290.5544613127001,0.0,1272.9859864583332,9757.504522889158,39051.0,0.0,31.0,24.7,5.1,31.0,23.8,0.0,33.5,24.4,0.0,32.5,24.1,23.1,31.0,24.1,41.8,29.5,19.7,0.0,30.1,23.2,11.0,28.2,23.1
5685.7782735410965,5967.994135,0.0,9.747420846673782e-06,0.0,740.7633771744769,2593.673308567366,39168.0,63.4,33.0,23.4,36.5,31.4,23.1,0.0,32.7,22.5,0.4,32.4,24.7,4.1,32.0,24.5,8.3,32.2,19.8,0.0,32.1,21.6,-1.0,33.0,23.3
5175.002931604427,5416.155389,0.0,215.8452981412309,0.0,454.13899270833326,8157.763709071351,39063.0,0.0,31.8,24.8,24.4,26.8,23.5,0.0,34.1,24.4,9.8,29.8,24.4,9.0,29.2,23.0,0.4,31.8,19.0,0.0,32.2,23.3,5.8,32.8,23.2
6048.724797201679,6349.508892,0.0,0.0,0.0,1004.2724881944443,6802.76384260041,40040.0,0.0,33.4,24.1,2.0,29.0,23.4,0.0,33.3,25.2,-1.0,32.4,24.0,0.0,31.9,24.0,0.0,32.5,18.0,0.0,32.4,22.1,0.3,33.6,24.2
5907.511651374823,6179.977689,0.0,0.0,0.0,250.26795451388887,5461.402839873301,39535.0,0.0,33.4,24.4,22.2,30.0,23.3,3.8,35.3,24.0,30.9,34.0,24.8,3.4,32.0,23.5,0.2,33.0,18.0,0.0,33.6,21.4,19.2,34.6,23.4
5435.769799467129,5675.840383,0.0,6.86641697877653e-07,0.0,1343.6143095428404,7370.238447774878,37446.0,19.6,32.9,24.5,5.0,31.0,24.0,13.3,33.3,24.6,3.8,32.4,25.4,3.0,32.7,23.6,1.6,32.3,18.8,0.4,30.6,23.6,2.4,33.2,23.3
3143.794257007646,3287.967908,0.0,0.0002066274719401,0.0,826.7243319444445,18354.55751821161,34514.0,-1.0,31.5,24.7,32.5,30.2,24.0,0.0,34.9,24.0,0.6,32.0,26.0,9.0,31.5,24.0,4.2,31.6,19.4,0.0,31.6,24.0,0.0,33.4,23.2
5544.196721695363,5818.421106,0.0,0.0002008569898232,0.0,1687.7036189890714,7805.68935656573,38697.0,0.4,32.1,25.0,31.8,29.0,24.0,0.0,34.6,23.8,1.3,31.7,25.5,5.6,32.5,23.5,1.2,30.5,18.0,6.0,31.6,23.8,7.0,29.5,23.2
5191.7658620846205,5454.211456,0.0,0.0,0.0,881.607681881533,9563.087007495194,39402.0,0.0,33.0,24.5,7.5,29.2,24.5,0.0,35.7,24.5,13.9,31.3,25.0,4.4,32.0,23.3,0.0,32.0,18.5,-1.0,30.8,23.7,1.5,32.0,23.4
5427.852882652613,5707.643684,0.0,0.0,0.0,1184.156773611111,9585.042440210356,40097.0,1.6,33.3,23.9,47.9,31.0,22.4,0.2,34.7,24.5,0.2,32.7,25.1,49.5,32.0,22.6,5.8,30.0,18.5,1.2,31.9,22.9,0.8,33.4,23.5
5355.762135536062,5618.444639,0.0,6.4755269739192565e-06,0.0,1339.2568755871544,2092.5227034898553,38883.0,1.4,29.9,23.3,-1.0,30.4,23.8,0.0,33.8,24.6,1.2,30.0,24.4,1.9,29.7,21.2,0.0,28.5,17.5,0.0,32.8,22.5,0.0,31.8,23.4
4759.433928210899,4975.271739,0.0,0.0,9.11487758945386e-06,1969.104797787194,7854.757768684943,38243.0,-1.0,32.4,25.0,10.0,30.2,22.4,0.0,34.8,22.6,0.0,30.7,22.0,0.0,30.8,23.3,0.0,31.5,18.5,0.6,33.7,24.0,0.0,33.2,23.3
5039.568374,5260.913886,0.0,0.0,0.0,2049.657818116634,9151.727972222225,36301.0,-1.0,31.0,24.2,8.8,30.0,23.4,0.0,33.1,24.0,0.3,30.9,23.6,5.5,30.3,23.5,0.0,31.5,19.0,0.0,31.2,22.2,-1.0,32.6,23.2
4306.018681285268,4497.358119,0.0,0.0,0.0,3035.3914892405055,10198.995063003167,34696.0,0.0,32.7,24.1,0.5,30.3,24.4,0.0,33.0,23.6,5.8,32.2,24.2,28.6,30.7,24.0,0.0,31.8,19.5,7.8,33.4,23.4,0.0,33.4,23.0
5907.966268544249,6193.142578,0.0,0.0,0.0,2496.9786186405604,8015.931291918891,39241.0,0.0,32.4,24.8,3.4,29.0,24.0,0.0,34.4,23.5,0.0,31.9,25.0,4.2,30.2,24.7,0.0,31.0,20.0,1.4,32.8,22.7,0.0,34.2,23.1
6328.060403743319,6625.51123,0.0,6.465517241379309e-06,0.0,1581.4995099331422,3545.629609581167,39134.0,-1.0,28.4,23.3,31.4,28.0,23.4,0.0,33.8,24.0,1.6,32.8,25.2,3.3,29.8,23.5,1.0,30.0,18.5,0.8,32.8,22.0,-1.0,34.0,23.4
8298.391197772688,8721.457082,0.0,0.0,0.0,1103.4621450224363,3761.0646301920806,40275.0,0.0,34.5,25.0,6.2,28.5,23.6,0.0,33.1,23.8,-1.0,33.1,25.6,0.0,30.9,24.0,-1.0,31.5,18.5,0.0,32.9,22.6,0.0,35.2,24.2
10360.326737737732,10889.44263,0.0,9460.457152514668,0.0,1013.0317707280316,5284.305888748539,41079.0,0.0,34.5,24.4,4.4,29.4,24.5,0.0,33.5,24.3,1.4,33.7,23.3,0.0,31.0,23.0,-1.0,32.0,19.6,0.0,33.4,22.5,0.0,34.6,24.0
12521.431374263257,13132.84143,0.0,2.165570175438596e-06,0.0,1053.6088368055557,8174.39177945764,40816.0,0.0,34.7,23.8,0.2,30.0,24.0,0.0,33.4,23.2,0.1,33.2,23.2,2.2,31.0,23.2,0.0,32.0,16.5,0.0,34.0,22.2,0.0,33.8,23.4
6828.496932,7151.479293,0.0,0.0,0.0,1609.1554916666666,0.0002411740725642,38819.0,0.1,33.5,23.7,0.8,29.0,24.0,0.0,34.4,23.6,2.8,33.0,24.2,13.4,28.0,23.8,0.6,32.0,19.0,6.6,34.0,22.1,9.0,34.4,22.9
7167.207078906128,7497.217701,0.0,0.0,0.0,24827.513354166666,9212.987979691035,36168.0,2.1,34.3,21.4,0.4,29.2,24.0,0.0,32.5,24.0,0.0,33.2,24.5,-1.0,30.4,24.5,1.3,31.6,18.7,0.0,33.7,23.8,4.0,34.8,23.3
11932.44998934974,12517.1337,0.0,0.0,0.0,997.500342013889,3066.3174948117235,39336.0,25.4,32.0,23.4,9.6,28.8,24.3,0.0,32.0,25.0,18.1,32.7,22.3,13.3,29.1,23.5,16.2,31.0,19.4,4.0,33.8,24.0,2.0,33.2,22.6
5548.885297882128,5798.581278,0.0,1.3693270735524258e-06,0.0,1090.8038,4230.552748292619,38225.0,0.2,30.5,23.1,1.1,29.0,23.8,0.0,33.4,24.0,0.0,30.4,23.0,2.9,28.5,22.5,0.0,26.5,16.8,0.0,31.2,22.5,0.0,30.2,23.4
5244.145057751356,5502.994423,0.0,0.0,0.0,1363.019647222222,8072.881074380985,39279.0,0.0,33.9,25.7,3.6,30.0,24.5,-1.0,33.1,22.8,0.0,33.5,23.6,0.0,30.7,23.8,24.0,33.0,19.5,0.0,30.6,22.5,0.0,34.2,23.2
5586.530791550963,5863.787028,0.0,2.1090534979423864e-06,0.0,1250.4096153140097,9722.48423528522,40500.0,-1.0,35.2,24.5,50.3,28.0,23.6,0.0,33.5,25.2,0.6,31.5,25.7,0.0,31.8,24.2,8.8,30.5,18.5,0.2,34.3,22.0,1.8,35.2,22.8
5246.705461289782,5508.176931,0.0,0.0,3.89694041867955e-06,26768.314830670184,9654.240781859891,40367.0,0.0,34.0,25.7,33.3,28.0,24.0,-1.0,33.5,24.5,26.2,33.2,24.6,12.8,30.3,23.7,5.2,33.0,19.8,0.0,34.0,23.1,50.4,34.9,22.1
4688.9971000018495,4897.340082,0.0,0.0,4.057971014492753e-06,374.95062718196453,17608.466696138825,38097.0,0.6,34.7,24.0,39.6,28.0,21.9,0.2,35.1,24.3,0.1,31.0,24.0,15.8,27.2,21.7,1.0,32.0,18.0,0.0,34.5,21.3,0.0,33.4,23.4
4075.7415720758822,4259.186913,0.0,325.5672443468143,7.882447665056361e-06,366.2056578985506,16246.845294475614,36135.0,-1.0,33.0,25.1,8.8,30.0,24.0,0.2,33.2,23.8,0.1,33.6,25.7,2.4,32.8,24.0,2.0,32.6,18.5,0.0,32.4,24.0,-1.0,33.3,23.3
5194.327090515946,5454.47003,0.0,1091.9326346056273,0.0,1263.4783084541064,9445.70381102376,40745.0,0.0,33.8,24.9,0.0,31.5,23.0,0.4,35.7,25.0,0.0,32.1,23.3,0.0,32.0,22.5,0.0,31.5,17.0,0.0,34.5,23.5,0.0,34.0,23.5
6210.559550635493,6523.344671,0.0,0.0,0.0,1519.25951852657,9544.575618431723,42210.0,0.0,34.6,24.2,0.0,30.0,24.0,0.0,34.4,23.1,0.0,32.8,22.7,0.2,32.0,23.0,0.0,32.2,16.6,0.0,35.1,23.0,3.0,34.0,24.0
8146.349882475295,8573.986095,0.0,2.7173913043478263e-06,0.0,1761.6223820048308,7834.024073647914,42359.0,-1.0,33.3,23.9,-1.0,31.0,24.9,0.0,34.9,24.2,5.2,33.5,24.9,0.1,32.1,23.0,0.0,32.8,18.0,0.0,34.5,23.0,-1.0,35.6,23.8
13189.326760899154,13861.35175,0.0,0.0,0.0,9870.249532879225,3936.7630358920433,42592.0,0.0,33.4,25.7,0.2,30.8,26.0,0.0,34.2,24.0,0.1,33.5,24.2,1.4,33.0,23.7,0.0,33.0,19.5,0.0,34.4,22.3,0.0,35.8,24.0
20358.94121949397,21498.73947,0.0,10897.32623470248,3332.610754226117,9946.467462252236,3212.2063951488094,42925.0,2.0,32.8,25.1,0.8,31.0,24.8,0.0,35.2,25.9,0.8,34.2,26.2,0.0,34.7,24.5,1.0,33.8,19.8,0.0,35.2,24.4,17.4,34.8,23.8
6619.323173388055,7056.409857,0.0,1.5106310013717426e-05,0.0,24445.586081365516,1152.6101965450723,40985.0,-1.0,34.5,24.9,4.8,32.0,23.5,0.0,35.0,26.6,0.1,34.2,26.8,0.0,33.0,23.5,-1.0,33.2,18.5,14.4,34.8,24.2,7.8,35.0,23.4
6123.945066609652,6912.671566,0.0,0.0,0.0,26081.826159855005,37.51699791666666,38466.0,-1.0,34.3,25.9,0.0,31.9,25.5,0.0,35.5,24.5,0.0,34.4,25.6,-1.0,33.3,23.0,0.0,33.8,17.5,-1.0,32.2,23.6,1.0,34.8,23.5
7603.011392281132,8519.385015,0.0,863.2408077330757,0.0001148024219247,24801.9075668021,83.86788070175439,41821.0,-1.0,33.3,23.9,1.0,32.0,24.8,0.0,35.4,24.8,1.0,33.5,25.7,-1.0,32.3,23.5,0.2,32.0,19.0,-1.0,33.8,23.7,12.2,33.2,23.2
6333.802828591217,6635.790886,0.0,9535.175140525922,6377.161161405765,0.0125070673503139,5.6226513888888885,42363.0,-1.0,33.9,24.7,23.8,31.0,24.2,3.0,33.1,24.0,4.2,33.9,26.4,17.4,32.3,24.0,6.2,32.0,19.0,0.4,32.9,23.2,2.6,33.2,23.6
5588.371137753595,5838.409244,0.0,2433.8946284511817,2714.1953045703685,0.0116652228079817,12.828642241379312,41450.0,3.3,33.3,24.8,16.2,28.9,24.0,1.5,32.4,23.4,0.2,33.0,25.6,2.2,32.1,24.4,0.9,30.0,19.5,1.8,29.8,23.1,11.7,34.6,23.6
5106.238490676222,5356.786435,0.0,2003.4243382526656,2243.709413478791,0.0058434967716964,10.293401691466364,41287.0,0.6,33.9,25.2,26.2,28.4,23.8,0.8,35.9,25.6,9.8,33.9,25.3,20.3,30.5,23.7,0.2,31.5,20.0,0.0,33.0,23.0,28.0,34.8,24.0
4525.234137552259,4746.993122,0.0,1733.5335886987343,1993.9135190282668,0.0065345944656412,7.779007986111111,41406.0,0.0,33.9,25.3,30.4,29.0,24.0,-1.0,33.9,25.4,10.6,32.7,24.8,12.7,31.8,24.2,4.4,31.8,20.2,4.8,32.4,23.0,2.2,33.2,23.2
3576.336589154912,3730.934009,0.0,1197.7904668148387,1264.531496344562,750.5377684190961,0.0,39052.0,7.7,33.8,24.6,9.8,28.6,23.8,5.8,32.1,25.0,12.2,33.8,24.0,7.2,31.5,23.0,-1.0,33.5,18.5,0.6,31.0,23.1,32.0,32.8,23.0
3694.461886643781,3866.8223,0.0,3400.555950270606,1847.554978555393,255.7929471457815,1.1458333333333332e-05,36193.0,1.4,32.3,25.6,2.4,31.4,24.4,-1.0,32.2,24.4,0.0,33.7,24.4,0.4,31.7,22.6,0.6,31.4,18.0,0.0,30.4,22.7,9.8,31.6,23.0
3928.261592532244,4113.567464,0.0,629.3108658345016,324.0878050970566,601.0792811347109,0.0,40582.0,0.0,32.1,25.4,0.0,31.2,24.0,-1.0,32.2,23.4,0.0,35.6,24.0,0.4,32.0,22.7,32.4,31.6,17.5,0.0,31.7,23.4,-1.0,33.0,23.0
4452.392704321437,4669.134728,0.0,311.18729213120633,2115.4788234599655,3.3067587282702906,0.0,41205.0,-1.0,34.5,25.6,12.4,30.0,23.4,0.0,33.0,22.8,4.0,34.9,24.0,1.7,32.0,23.7,0.0,32.2,18.8,35.0,31.1,22.2,0.0,32.0,24.0
4289.297750937774,4489.98568,0.0,239.295750252462,1786.0804296418955,0.0825691494682817,0.0,39812.0,-1.0,32.1,25.7,0.0,29.6,22.8,0.6,33.8,23.4,4.0,30.9,23.1,0.0,31.2,22.4,-1.0,28.0,18.5,0.0,30.5,23.1,0.0,32.4,24.2
2734.514278946532,2846.528132,0.0,122.5717256596356,1214.6836678765374,8.899545186508144,0.0,34380.0,8.2,33.6,25.0,-1.0,30.0,23.4,-1.0,33.8,21.3,0.0,33.2,19.6,0.0,31.1,21.0,0.0,32.0,17.5,1.0,30.3,23.4,0.0,34.0,23.4
1540.0197060174332,1598.346247,0.0,1.528233122255171e-05,712.3602732457956,7.434907788684757,8000.0,31390.0,4.3,34.7,25.0,0.0,30.0,24.5,0.0,35.1,22.0,16.9,33.2,21.9,0.1,31.5,23.0,0.0,31.5,19.5,0.0,31.6,22.9,0.0,33.5,24.0
3356.5336778294563,3504.814625,0.0,1181.3036989083705,1277.3805498133322,0.0010131772621509,2666.6666666666665,35086.0,28.4,33.6,23.5,13.0,32.4,24.4,0.0,36.2,23.1,0.4,33.8,24.8,4.7,31.7,24.5,0.0,31.0,20.0,0.0,32.7,23.6,0.0,33.0,23.4
3127.493832811333,3270.02422,0.0,1158.8302559875726,1243.6830255944644,0.0009887521418752,2666.666672222222,35177.0,20.0,33.3,23.6,0.8,31.0,24.8,0.0,35.2,24.2,-1.0,32.6,24.3,0.2,31.6,23.5,41.4,30.0,18.5,5.2,32.0,22.6,-1.0,34.0,23.0
3848.261367183642,4007.583676,0.0,218.008857600531,2435.255680304186,521.45835517081,2666.6666666666665,36196.0,0.0,31.5,24.4,7.8,29.0,24.0,0.0,34.0,23.4,0.0,33.5,23.5,1.1,29.5,24.0,0.0,29.5,18.8,-1.0,30.1,23.2,0.0,32.2,23.2
6664.967299229591,6901.15047,0.0,1644.085922618787,1558.6978423291812,700.0749403213595,1.4183006968641116,41010.0,0.0,33.8,25.4,0.0,31.0,23.2,0.0,33.7,22.8,0.0,33.4,23.7,0.0,32.0,23.4,0.0,32.0,18.4,4.4,30.8,23.1,0.0,33.0,23.8
5668.676023432447,5875.630589,0.0,442.5908049765173,280.24576681127985,109.6433127293515,0.0,42442.0,1.5,33.7,25.6,0.0,32.3,24.0,0.0,35.5,23.1,0.0,33.0,22.3,0.0,31.2,24.0,-1.0,29.2,19.0,0.0,30.9,23.0,0.0,33.4,23.4
8560.990057,8916.638625,0.0,2569.8172579343973,1331.844620824436,105.74605992739455,13.477946875,43771.0,11.2,34.1,24.6,0.0,32.2,24.9,0.0,34.3,23.6,0.0,32.6,24.6,0.0,33.5,25.3,2.0,32.5,20.8,0.0,32.9,23.5,0.0,34.0,23.0
8748.808423109338,9108.011352,0.0,2763.22299661643,1583.796109722222,0.5436156249999999,19.697343880597018,44089.0,14.0,33.3,24.7,0.0,32.7,25.8,0.0,36.2,24.0,0.0,34.5,24.6,0.0,32.4,24.2,-1.0,33.6,19.8,0.0,32.6,23.4,0.0,35.3,23.5
8242.754580413453,8563.980576,0.0,2209.53028482565,1591.2448604166668,10.416666666666666,12.559575347222223,42974.0,50.0,33.2,22.8,0.0,33.0,25.0,0.0,34.2,23.7,0.0,35.2,24.3,0.0,33.3,23.5,19.8,33.0,17.2,0.0,33.8,23.9,0.0,34.9,23.5
4753.817961648064,4933.232644,0.0,245.3696797502955,552.3643572255673,174.8233427080918,0.0,39545.0,25.0,33.3,24.7,0.0,33.0,24.5,0.0,35.0,24.2,0.0,34.2,24.1,0.0,34.0,24.0,44.6,32.0,19.2,0.0,33.1,23.5,2.2,33.6,22.7
5196.627719,5401.427715,0.0,202.0211427821716,3794.8958837385976,138.1032982987758,15.504625694444446,43173.0,0.0,32.3,25.1,-1.0,33.2,24.9,-1.0,33.8,23.5,0.0,34.0,25.0,0.0,35.0,24.3,13.0,33.0,19.0,-1.0,32.7,23.3,0.0,33.8,23.0
7595.368939307772,7911.224919,0.0,1531.773927104116,2637.295986284614,303.10300395986513,28.51719236111111,44525.0,4.8,33.5,24.9,3.6,32.6,25.2,0.0,34.7,24.4,0.0,34.9,24.7,0.0,34.0,23.9,0.1,33.0,18.4,0.0,34.6,23.2,5.2,34.8,22.8
7395.173411574243,7709.664637,0.0,1267.6104744254783,6903.200191751083,870.7318355391421,3.820479513888889,45058.0,0.0,34.1,26.8,14.6,30.6,24.7,-1.0,34.6,25.7,1.0,34.8,25.0,0.0,34.5,25.0,0.4,34.0,20.4,0.0,34.4,23.2,0.0,34.5,23.8
6203.550053153375,6461.473848,0.0,400.74549671149873,6183.996556744613,801.7255244071149,6.944444444444445e-07,45406.0,1.3,33.8,26.8,0.1,31.8,24.5,0.0,30.0,26.9,0.0,34.8,25.1,0.0,34.5,25.8,0.0,32.0,19.5,0.0,33.8,22.7,0.0,33.5,23.5
5025.203317013104,5223.756523,0.0,86.88668740858225,5098.471703981051,779.56810451869,2.0833333333333334e-06,42310.0,52.6,33.3,24.0,0.0,33.6,26.0,0.0,34.0,24.9,0.0,31.7,24.1,2.0,34.7,25.3,3.2,32.5,20.0,0.0,33.8,22.4,0.0,33.6,23.8
4717.655616152013,4917.64496,0.0,4.539044765307135,4688.612654891115,731.6744139208569,0.0,41528.0,7.0,34.1,25.1,1.6,33.0,25.9,0.0,35.1,25.3,0.0,36.0,24.2,0.0,35.5,25.5,22.5,33.0,20.0,0.0,34.4,22.8,1.0,35.6,24.0
4940.689851016758,5125.807159,0.0,63.15514213410381,3594.373259394991,948.3910621355794,0.0,39611.0,5.0,34.4,25.2,-1.0,32.6,25.8,0.0,34.1,24.1,6.8,32.0,24.9,0.1,34.2,24.5,0.0,32.5,19.0,0.0,34.1,24.0,5.0,35.0,24.0
7406.239671123836,7707.948769,0.0,1148.477650888161,1434.2743788899315,107.78508748790648,0.0,44203.0,-1.0,33.6,24.9,1.0,32.5,24.5,0.0,34.5,24.5,17.1,35.6,24.1,0.0,34.2,24.9,0.0,33.5,20.5,0.0,34.4,23.5,59.5,34.8,23.0
6546.968245022779,6811.644471,0.0,981.8964308284712,1757.2628636646937,29.771501447027465,6.944444444444445e-07,43871.0,0.0,34.3,25.4,-1.0,31.2,25.0,0.0,36.2,24.0,1.5,34.6,24.7,0.0,33.1,25.0,0.0,33.5,19.5,0.0,35.2,23.0,2.8,34.1,23.8
9040.205072127956,9433.931478,0.0,1507.9489893652126,2800.438322205245,56.280175467298946,40.017297569444445,44690.0,0.0,34.5,25.3,-1.0,32.0,25.0,0.0,35.7,24.7,-1.0,34.0,26.0,-1.0,34.4,24.5,0.0,33.4,19.1,0.0,35.7,23.7,0.2,35.2,23.0
6940.970948094014,7243.050577,0.0,1367.233514730093,2830.908125138574,378.1174649107688,0.0,44883.0,-1.0,33.4,25.3,0.0,32.4,25.0,-1.0,34.6,25.3,-1.0,34.8,27.5,12.6,33.8,23.7,0.0,33.5,18.5,0.0,35.9,23.9,10.8,35.4,23.4
7832.598469341399,8173.635046,0.0,2967.2074043072867,839.2586541125504,6.962023985072963e-06,1.979166666666667e-05,44692.0,-1.0,35.2,26.1,12.3,31.0,25.5,0.0,37.4,25.5,0.0,34.8,27.4,0.0,33.2,25.2,0.0,33.8,19.0,0.0,35.8,23.5,0.0,35.8,23.0
5337.028808350331,5554.48993,0.0,251.07980925606228,156.936534375,0.0,0.0,41945.0,0.3,35.1,25.2,30.6,30.5,23.0,16.3,35.2,24.0,0.6,35.0,26.2,16.2,33.0,23.7,4.3,33.6,19.4,14.2,36.2,24.0,25.0,35.6,23.0
3620.582701801022,3753.859753,1147.0,2.191305426894172,0.0,3.858926932383945e-05,0.0,36237.0,-1.0,33.5,25.2,8.1,29.0,24.6,1.8,34.7,24.0,0.0,34.3,26.3,-1.0,33.2,25.0,1.8,31.0,20.5,0.0,31.5,23.6,4.0,32.4,22.8
4091.81928758474,4249.836245,-292.5,326.0090928827877,107.92986673257128,2.6064620792213055e-05,6.944444444444445e-07,38043.0,-1.0,34.4,25.8,31.2,31.8,24.5,0.0,36.0,24.7,0.2,35.0,27.4,5.1,32.9,24.8,1.6,32.0,20.5,0.0,33.1,23.7,-1.0,33.4,23.2
7470.890758029024,7795.636861,0.0,2028.874806656377,1111.7278670138892,0.0,70.93771979166665,41849.0,-1.0,33.2,25.3,72.1,30.2,23.6,0.6,33.8,25.2,-1.0,34.2,25.6,22.2,31.8,24.2,1.6,32.0,20.5,7.4,33.9,24.4,10.6,33.8,23.6
8550.170421738288,8919.497997,-337.5,2638.761304558196,5162.641774676977,427.383561026696,1.5015015015015015e-06,42344.0,9.1,32.5,25.1,9.1,30.2,23.9,3.1,35.2,24.3,7.0,33.6,24.5,5.2,32.0,25.0,84.3,30.8,20.0,0.0,30.2,23.5,2.3,30.4,23.6
9322.523482499488,9731.992363,0.0,3313.4293441422597,2124.50605374511,0.0006969842429301,0.0,42968.0,0.0,33.7,26.1,0.4,31.8,25.0,0.0,34.7,26.0,1.3,32.8,24.4,29.5,34.0,24.2,3.0,33.5,19.5,0.0,33.3,25.4,0.0,34.4,23.7
9217.975930985427,9623.527214,0.0,3312.9179646328503,2281.986675571782,0.0003396707226792,6.643129270127916,43606.0,21.8,34.3,25.4,0.0,32.0,25.7,0.1,35.9,26.5,2.3,34.5,24.4,13.0,33.5,25.5,22.2,32.5,21.4,-1.0,33.6,25.8,2.9,33.5,23.6
7394.172902337046,7720.026869,0.0,7350.809223732835,833.4966416666666,4.166666666666666e-06,4.488326388888889,42155.0,3.4,33.9,25.2,0.0,33.0,25.5,-1.0,35.4,25.3,0.0,34.1,24.6,0.0,34.2,25.0,23.6,32.4,19.5,0.2,33.1,23.7,0.0,34.5,24.2
5013.487665265574,5217.089103,0.0,694.2264302083333,139.74582951388888,2.7618028435228553e-05,3.472222222222223e-07,39905.0,12.5,33.7,25.8,0.0,33.2,26.0,0.0,35.3,25.0,0.1,34.0,24.8,0.0,34.4,25.0,23.4,32.7,19.5,-1.0,34.5,24.0,2.8,35.5,24.0
9950.396975,10382.6925,0.0,2775.2965220076,4026.881451736111,9.38722294654498e-06,49.33326246081506,44960.0,6.0,34.6,26.1,0.0,33.6,25.4,3.0,34.8,24.7,0.0,35.8,26.0,0.0,34.5,24.8,10.0,32.5,20.5,1.4,32.8,23.8,0.0,35.6,23.8
7237.862866781695,7529.664328,0.0,978.496527706983,1017.0579586805555,8.108484392838248e-06,3.8120804898648646,45478.0,0.4,35.5,26.3,0.0,33.0,24.8,0.0,36.0,24.4,0.0,35.1,25.0,0.0,34.5,23.4,0.0,33.2,18.0,0.0,34.3,23.3,8.8,35.8,23.4
9603.024647443855,10001.87456,-200.0,2627.2188409163987,2639.549039930151,3.997502027272642e-05,73.8559436740974,45437.0,4.4,35.4,24.8,0.0,32.6,25.4,0.0,34.4,25.3,0.0,35.8,24.2,0.0,33.5,24.5,0.0,33.8,20.0,0.0,34.5,23.8,-1.0,34.8,23.2
8836.831848642489,9210.210567,22.5,1867.7773839418417,1704.8787718181818,0.0,54.82048554455445,45226.0,0.0,34.0,27.0,0.0,33.4,25.6,0.0,37.4,26.0,0.0,36.1,24.0,0.0,34.4,25.1,0.8,33.6,19.2,0.0,34.3,24.0,0.0,35.6,24.2
7541.535176084872,7877.876886,0.0,1121.7242965358848,1188.7537921383648,0.0,15.64093348623853,45175.0,0.8,34.5,26.5,0.0,32.4,24.8,-1.0,35.5,25.9,0.0,35.6,24.7,0.0,34.5,25.5,5.6,33.0,20.0,0.0,34.8,22.7,-1.0,33.2,24.4
5540.876544271355,5771.486395,0.0,150.82548472222223,215.1725670138889,0.0,1.388888888888889e-06,43295.0,0.0,35.0,25.3,0.0,33.0,25.5,0.0,37.4,24.5,-1.0,37.4,25.8,0.0,34.4,25.8,5.6,31.5,19.8,0.0,34.5,24.2,0.6,35.6,24.4
4193.589775175085,4360.927921,0.0,2.2717983569433666e-05,0.2758721337103868,3.8353801860943825e-05,6.944444444444445e-07,40402.0,-1.0,34.1,25.4,0.0,33.2,25.6,0.0,34.8,25.5,0.0,35.8,25.2,0.0,34.5,25.5,21.8,33.3,20.5,5.4,32.2,23.0,50.4,34.5,23.2
6167.752251830301,6405.5132,0.0,1031.7248121046705,1705.0846694444442,4.17391304347826e-06,22.337719566219164,43721.0,13.4,34.0,23.7,0.0,34.6,25.8,0.6,34.6,24.7,1.6,34.1,24.7,0.0,34.0,25.1,45.4,32.0,20.5,1.0,33.4,22.7,3.8,34.4,23.2
3854.129288126894,4002.490314,157.5,171.5874495418848,295.9886905870699,8.28387753891875e-05,1.1039558417663293e-06,43935.0,0.6,35.3,24.7,0.0,34.0,25.2,0.0,33.9,25.5,0.0,34.0,24.8,0.8,34.7,24.2,67.0,32.5,18.0,0.0,34.3,23.1,12.1,34.5,23.0
4399.473654239897,4576.133147,-22.5,244.19345844810368,662.014601388889,4.184304673170935e-06,4.016275654450261,44335.0,0.0,33.7,24.9,0.0,34.6,26.9,10.0,34.3,24.8,0.0,34.3,25.0,0.0,33.6,24.9,1.0,32.0,19.3,0.0,34.0,23.8,0.0,34.4,23.2
3231.4116712736113,3354.571933,22.5,65.26601050514888,672.695773872081,95.30556524530384,9.4325506972389,43632.0,-1.0,34.1,25.0,0.1,34.0,24.5,5.7,34.2,25.5,0.0,34.9,23.9,-1.0,35.6,24.8,11.4,32.4,20.0,0.2,34.7,23.7,19.3,34.8,23.0
4291.605832744405,4470.423961,-90.0,82.11278831079561,1174.4363777641288,838.7916522169853,2.5122712374739287e-06,42942.0,0.8,33.2,24.9,6.0,33.0,24.5,0.4,34.2,25.5,5.0,34.2,24.8,6.6,34.8,24.0,13.2,30.6,20.4,2.2,28.9,23.3,2.6,33.0,23.8
3358.719617766823,3492.740496,0.0,0.0001042196115654,72.79947385337267,0.0016342473842084,6.944444444444445e-07,40421.0,0.0,32.7,25.7,-1.0,32.6,24.5,0.9,31.5,25.0,40.8,35.0,23.0,0.4,33.0,24.4,5.6,28.0,20.0,1.0,32.5,23.2,12.1,32.4,23.8
3187.513720940607,3626.87571,0.0,1.9337333778513808,133.8812688776078,44.73405437005632,5.372525766481187e-05,38376.0,0.2,33.5,25.6,0.0,33.1,24.6,0.0,33.8,24.6,0.0,34.9,23.9,0.0,33.8,24.6,25.0,30.2,19.5,0.6,30.6,23.8,22.1,33.8,23.2
7089.385598835162,7458.985194,1957.5,1199.2666199231132,3570.3955984337776,231.58366892871737,21.97975069050705,43592.0,28.2,33.4,25.4,0.0,34.0,27.0,0.0,34.3,25.6,21.2,35.4,24.2,0.0,34.0,25.8,1.2,31.5,20.4,0.4,32.4,23.5,4.4,33.6,23.4
6258.211828446857,6587.646604,2520.0,737.0091714689277,2763.878878382946,1235.882235594033,47.63937230902778,44147.0,0.2,33.5,25.7,0.0,34.2,25.4,0.0,33.3,24.8,0.0,34.2,25.0,0.0,34.0,25.6,0.0,32.6,21.0,1.4,32.6,23.4,8.0,33.5,23.8
4791.055523279276,5037.731557,67.5,114.1096734741784,1861.1643321363276,2321.5203088552375,9.070028977692742,43335.0,5.0,33.3,25.0,0.0,35.0,27.0,0.1,33.5,26.1,0.0,32.9,25.4,1.6,34.6,25.4,30.8,31.6,20.0,-1.0,31.7,23.5,8.2,33.2,24.2
4041.869597331091,4253.277144,0.0,0.0006612818858292,18.955979515019,574.9426913074072,0.0,42608.0,-1.0,33.6,25.2,0.6,33.4,26.2,3.4,33.3,25.0,7.4,31.7,24.2,1.5,31.6,25.0,2.6,28.5,19.4,6.7,30.8,22.6,7.2,29.4,23.6
3166.120329447071,3332.393262,0.0,31.41776963710324,41.60132673611111,783.4095186428706,0.0,42988.0,3.2,33.3,25.3,5.4,32.6,25.7,-1.0,34.6,26.4,2.6,32.5,25.2,0.0,33.4,25.3,0.0,31.5,20.5,26.2,29.9,22.8,27.0,34.4,23.0
2889.9266301300736,3052.112864,0.0,8.050314465408805e-06,20.596947569444445,760.3888885416666,0.0,39987.0,0.0,33.6,25.7,95.0,28.6,24.4,44.7,33.7,24.6,87.8,27.8,23.8,0.0,34.0,24.8,1.0,29.5,19.5,30.0,31.4,23.1,13.2,33.2,23.2
1834.3816943539616,3196.661653,0.0,0.0008338838432548,14.817863593580071,1819.0942890348465,8.375528589848852,36402.0,9.0,33.2,25.3,0.0,31.8,25.8,4.8,31.4,24.5,1.4,31.4,24.5,0.0,34.6,25.5,19.8,26.5,19.7,0.0,31.0,23.3,31.4,30.6,23.3
3231.2702743903665,3409.811728,0.0,340.3285898099145,915.369534955798,908.1459352112676,1424.5885887905604,42657.0,11.4,34.2,26.1,0.0,33.8,28.0,7.2,33.6,24.4,0.0,34.4,24.7,0.0,34.6,26.0,3.4,28.0,19.0,1.2,31.7,24.4,0.0,33.2,23.2
3921.7668172685926,4133.977054,0.0,0.0013230742581445,995.4933909722222,157.43517326388888,1.7327801967977512e-05,44258.0,7.2,34.0,26.9,0.0,33.2,24.8,2.2,35.4,26.1,0.0,35.0,25.7,0.0,35.4,26.4,0.0,30.1,20.8,0.4,30.8,23.8,0.0,34.2,23.3
4464.144429531778,4706.45175,0.0,92.99724663499448,857.0902947473456,17.584674595138615,6.5447159643263145e-06,44125.0,0.0,33.3,26.7,0.0,34.5,26.0,0.0,34.3,25.6,0.3,34.0,23.7,0.0,35.4,25.5,27.2,29.5,19.5,-1.0,33.0,23.3,0.0,33.8,24.0
4258.009872165655,4491.189599,0.0,128.56114810618757,210.46333244435723,194.14461942709156,0.0,43982.0,0.0,33.9,26.4,0.0,33.8,25.9,0.0,34.9,25.0,0.0,35.0,24.7,0.0,34.4,25.0,14.6,30.0,19.0,11.2,30.9,23.3,0.0,34.5,23.6
4882.514200738255,5151.63164,-3405.0,282.9234346123134,492.4427565385679,116.96092278052156,38.09465192307692,43581.0,1.4,33.2,24.5,0.0,34.6,25.9,0.0,35.1,25.7,0.0,34.8,25.0,0.1,35.5,24.7,0.0,31.5,19.5,0.0,31.9,23.5,0.0,33.8,24.0
3352.8040511739337,3517.786169,-2865.0,1010.1578538248618,10.851807758814257,443.846889004926,0.0,40584.0,0.0,34.0,25.0,2.8,34.2,25.4,0.0,34.0,24.5,0.0,35.0,24.8,0.0,34.0,25.6,0.0,32.6,19.8,5.2,31.9,22.7,1.6,34.8,23.4
3213.100676210094,3373.38779,0.0,3102.994540045296,52.909257596897014,352.20092295774725,0.0,37618.0,29.4,33.7,25.0,-1.0,32.6,25.5,1.7,33.2,25.6,22.3,34.0,24.2,0.2,34.0,25.0,9.6,30.5,19.8,4.4,30.2,23.5,0.6,34.0,22.6
2777.5003273841744,2954.59315,0.0,2458.8580071148426,847.5616579549801,986.1663696607702,3.7657139635830654e-06,41899.0,44.4,32.9,24.8,0.0,34.0,26.2,0.0,33.3,25.3,0.2,34.4,24.5,0.0,33.2,25.2,12.0,29.5,19.8,0.2,29.6,24.7,-1.0,33.4,22.6
2500.1997869729125,2622.2088,1857.5,2233.4276520778353,1058.2177242243436,88.1441570405728,1.703575710557867e-05,42419.0,12.8,32.9,24.5,0.0,33.8,25.8,0.0,33.6,23.5,69.8,33.5,24.6,0.0,34.8,25.5,6.8,30.5,20.0,0.0,31.1,24.1,5.4,34.6,23.2
2652.902476287237,2780.020808,1235.0,2391.800718988337,444.07347369047625,866.2082985490671,0.0,42241.0,27.6,33.6,24.2,4.8,33.0,25.6,0.0,33.2,24.1,0.0,32.9,24.4,0.0,31.6,25.0,1.6,29.5,19.6,0.2,30.6,22.8,13.4,33.8,23.2
3393.082689625098,3576.541218,0.0,3072.0473369142537,930.7765871275328,631.5495572792363,0.0,42657.0,0.0,33.7,25.1,0.1,32.0,25.5,0.0,34.1,25.2,2.4,34.2,24.5,0.0,34.0,25.1,7.0,29.0,20.2,-1.0,31.7,22.6,0.0,33.2,23.1
3529.280553477781,3728.821851,2955.0,3303.376179011439,831.3163207272727,3.4184774545454544,0.0,42878.0,-1.0,34.4,25.8,0.4,34.0,25.0,-1.0,34.5,25.1,9.6,33.2,24.8,0.0,34.1,25.0,5.0,28.5,20.8,0.0,31.5,23.3,4.0,33.5,23.0
2513.586993484463,2650.269658,2955.0,2296.1941766774235,547.8601329861111,282.6135649305555,13.897113342471004,40229.0,0.0,34.2,25.5,-1.0,33.8,25.4,-1.0,33.2,24.6,9.9,33.5,24.2,4.1,34.8,24.0,13.2,30.0,19.2,0.0,33.6,22.1,-1.0,33.5,23.6
2183.4477844105036,2309.37009,0.0,31.10827256944445,435.9070770577959,1107.6493149458804,4000.0,37376.0,0.0,33.2,25.9,0.0,34.6,25.6,0.0,34.9,25.0,11.1,34.0,24.7,0.1,35.0,23.5,0.0,32.0,20.0,0.0,31.9,22.0,0.0,34.0,23.8
2832.7370244520266,3001.921451,0.0,8.47826691671876,746.6436600694444,0.0006767361111111,4000.0,38941.0,0.0,33.1,25.7,0.0,34.0,25.5,0.0,36.7,25.3,9.5,34.8,24.3,0.0,35.0,25.3,4.8,32.5,20.5,0.0,33.4,23.5,0.0,34.4,23.0
5748.216775744172,6086.858866,0.0,4897.0083678154115,2834.027649160672,778.558766973197,1964.9792399275832,42454.0,1.0,33.1,26.1,0.0,35.0,26.4,10.6,36.1,24.0,0.3,33.9,25.5,11.2,35.0,24.8,9.4,32.5,20.2,0.0,32.1,24.0,4.4,34.6,23.0
3992.929887671104,4214.880658,2505.0,3707.0524958341775,1345.6742246527776,498.9870182865824,0.0,42398.0,30.2,32.2,24.3,2.5,35.0,25.5,8.4,33.7,24.0,38.3,33.9,24.0,3.9,32.6,24.5,13.6,31.0,20.0,0.6,27.9,22.4,10.1,32.4,23.3
3388.7058729335677,3573.037186,1548.0,32.00497980448562,34.833445833333336,256.3993625,1.023890784982935e-06,41428.0,3.6,32.7,25.6,32.9,31.6,24.5,0.4,31.0,24.1,3.0,28.4,24.1,105.6,33.8,23.6,9.2,30.0,20.0,0.0,32.1,24.0,1.2,29.6,22.8
3890.902182314795,4107.565034,0.0,34.88488450468541,34.90211423611112,217.4479875,0.0,41026.0,2.0,31.7,25.4,0.0,31.8,24.5,0.0,34.8,25.5,0.5,33.4,24.0,5.6,33.5,24.2,22.9,32.5,19.0,-1.0,28.5,21.8,6.6,30.5,23.0
4020.8273865706014,4248.68025,0.0,28.913194861660077,33.056218055555554,223.09560659722223,0.0,39311.0,-1.0,32.7,24.4,0.1,33.6,25.3,6.2,34.8,23.5,-1.0,35.6,24.0,-1.0,35.0,24.3,0.2,32.0,19.5,0.0,32.8,21.9,3.8,33.2,22.4
3294.262818167824,4109.8117,0.0,4.4117647058823526e-06,0.0,355.0021347222222,3.659579480874132,36656.0,-1.0,32.4,25.6,0.2,32.0,25.5,0.1,32.3,23.9,3.7,32.2,24.2,0.5,32.8,25.0,13.4,29.0,19.0,12.4,31.3,22.7,-1.0,33.0,22.7
3330.409985579713,3531.708585,0.0,4.166666666666666e-06,5.56199304750869e-06,201.55236013904985,4.405052699031875e-06,41257.0,0.6,32.7,24.7,1.2,33.0,25.4,8.6,33.2,24.6,7.1,33.1,24.7,3.9,35.0,24.5,31.4,31.2,20.0,-1.0,32.2,23.4,36.0,34.4,22.9
3635.8776997990394,3858.524321,0.0,591.1998377851543,2.136556944444444,421.07052152777777,0.0,41759.0,4.4,34.5,24.6,0.0,32.3,25.2,6.8,30.0,25.0,2.2,32.4,23.8,2.1,33.0,25.1,55.6,30.5,19.8,-1.0,30.5,22.3,11.7,33.1,22.6
3563.2463995089106,3769.527208,0.0,1.25e-05,0.0,188.24245659722223,4.218843282207006e-06,40730.0,62.1,32.5,24.0,26.9,34.0,24.0,4.6,32.8,24.5,37.3,33.2,23.7,20.4,33.0,23.7,33.8,30.5,19.0,7.2,30.2,22.0,4.4,30.8,23.6
2961.3814698594615,3127.762233,0.0,0.0,0.0,276.5460789855072,0.0,40107.0,-1.0,31.9,25.1,0.9,29.0,24.6,0.1,31.1,24.4,-1.0,31.8,23.9,4.8,30.7,24.8,5.2,30.0,20.0,0.0,29.9,22.5,-1.0,30.5,23.4
3307.569854689811,3495.002813,-922.5,1.2875536480686696e-05,5.640423031727379e-06,204.90611880141012,1.600365536739298e-05,41675.0,25.8,32.7,24.6,0.0,32.0,25.0,-1.0,33.4,24.7,0.0,33.5,24.4,1.0,33.0,23.7,22.6,30.6,19.1,0.0,32.1,23.2,0.0,34.0,23.1
3039.5805027160354,3231.612347,-337.5,60.79607008368202,0.0,231.86603540669856,0.0,39295.0,15.0,33.6,24.3,16.4,33.0,24.0,0.0,32.4,24.0,2.1,33.0,23.3,17.8,33.2,24.5,-1.0,32.0,20.0,0.0,30.9,23.4,0.0,33.5,23.0
1264.305984373246,1336.905523,0.0,0.0013675622043224,4.688578059336386e-06,389.77594220527305,0.0,36376.0,0.0,32.2,24.8,2.6,31.6,24.4,-1.0,32.9,25.0,0.0,33.4,23.7,-1.0,30.5,24.5,29.0,28.6,20.0,6.0,30.4,21.9,0.8,33.5,23.2
2729.5631003112976,2884.098077,0.0,0.0034372300191863,4.6172663852952e-05,4.724560673473961e-05,1424.3112248690672,41302.0,0.0,33.0,25.1,6.8,32.2,26.0,0.0,34.2,24.4,0.0,32.3,23.7,39.0,32.8,24.4,30.4,29.2,19.5,1.0,29.5,22.7,-1.0,34.2,23.0
3548.5875750857685,3745.589791,0.0,59.42097056531185,149.24697334148044,1750.0269233668823,1463.567929002996,42508.0,48.8,33.5,23.8,0.0,33.5,25.2,-1.0,34.4,25.0,11.7,33.4,25.0,7.6,34.0,24.3,9.6,30.0,20.0,0.0,32.4,23.6,0.0,34.0,23.3
2778.111299933292,3390.53705,-9615.0,1372.891724902384,32.08074262071319,0.0013611357172828,1365.1224275826278,39211.0,15.0,32.9,24.2,0.5,33.2,25.0,0.1,34.6,25.0,2.3,32.9,24.0,0.2,33.6,24.6,1.0,30.6,19.8,0.4,32.5,23.9,53.0,33.2,23.0
3200.0531075914237,3345.941778,0.0,36701.47942403244,39.38885155296048,0.0010574129571988,1333.3333333333333,42342.0,0.6,31.8,24.2,0.0,33.0,25.0,0.1,33.9,25.4,1.6,33.6,24.0,-1.0,33.7,25.0,1.8,30.0,19.0,1.4,32.4,22.8,4.5,33.0,22.9
3182.1180801829128,3322.614804,0.0,487.43348608864176,0.0,7.747175508929034e-06,1333.3333333333333,42340.0,4.0,33.7,25.7,0.0,34.2,25.4,14.8,33.4,23.8,0.0,33.3,25.3,0.2,33.4,25.4,21.6,32.0,20.8,0.0,34.0,23.5,-1.0,33.5,23.8
3498.0041133643385,3644.265584,0.0,304.32028904199467,176.06356303592122,0.0,14.948348611111111,40528.0,0.0,32.3,25.5,-1.0,34.0,25.9,0.0,30.5,24.0,0.9,34.1,25.3,0.0,34.4,25.0,1.0,31.8,19.7,0.0,33.3,23.0,-1.0,34.4,24.0
3067.598225406312,3202.190174,0.0,475.6351927988698,0.0,2.9090909090909093e-06,4000.000000694444,37550.0,21.5,33.5,26.0,35.4,31.0,24.4,-1.0,35.7,26.0,9.9,34.5,25.7,6.4,33.0,25.1,1.2,32.0,19.5,6.2,30.9,23.8,20.6,35.8,23.8
3419.315584344026,3558.606747,0.0,627.3375777507714,35.39930798611112,0.0,0.0,40769.0,15.8,30.7,25.0,12.7,29.0,24.2,17.7,30.3,24.1,46.9,32.2,24.0,8.5,29.5,24.5,0.1,28.0,20.0,0.6,30.4,23.1,13.2,33.8,23.0
3824.980042530291,3983.141341,0.0,34.575646922773174,35.46997013888889,3.194444444444445e-05,6.944444444444445e-07,41293.0,25.3,32.5,24.8,6.4,32.0,24.5,19.4,33.9,23.5,14.1,33.0,24.0,20.4,33.0,24.0,12.1,31.8,21.0,8.2,31.3,23.0,1.0,33.4,22.6
4010.9872256086624,4178.037789,0.0,33.39464949466961,34.367523611633715,1.6724738675958187e-05,0.0,41568.0,0.0,33.7,26.4,6.5,30.0,25.5,0.0,34.9,25.4,1.0,32.2,25.3,0.0,33.5,24.8,0.6,32.6,20.6,0.0,32.9,23.2,-1.0,33.6,23.0
4528.859816696685,4738.98359,0.0,68.46206001092028,70.39071006944442,0.0,1.6666666666666667e-05,43403.0,2.7,33.7,26.0,1.4,32.0,25.0,0.0,36.3,25.4,1.0,33.2,25.0,-1.0,33.7,24.5,1.0,31.5,20.0,0.0,30.7,23.5,9.8,33.4,22.9
4999.894540753646,5221.381393,0.0,328.43173878992764,389.72564703555935,3.439952148019605e-05,6.944444444444445e-07,43316.0,1.1,33.5,25.6,0.1,33.2,25.0,0.0,34.8,24.5,-1.0,32.4,25.1,0.0,33.9,25.4,0.0,33.5,19.8,0.0,31.6,23.8,10.6,34.4,22.9
4091.571683311113,4329.154294,0.0,5.108786342340029e-05,14.495828260869564,0.0,0.0,40357.0,5.4,29.8,24.6,12.0,31.2,25.0,16.8,33.2,24.0,2.0,34.7,25.5,6.4,32.5,24.8,3.6,31.5,20.6,10.2,30.4,23.8,5.2,31.8,22.8
3569.8381946665363,3759.379766,0.0,3.963249864889209e-05,14.684670652173914,0.0,0.0,37014.0,24.1,33.4,23.7,47.0,30.6,24.0,0.0,33.3,24.5,2.8,31.4,24.3,2.2,30.2,25.1,3.6,30.1,19.5,0.2,30.4,22.0,16.4,31.4,22.7
4616.774551548209,4931.581499,0.0,379.5119793457344,125.21055816203142,0.0,0.0,41780.0,1.2,33.6,25.6,0.0,33.0,24.5,0.0,33.5,26.5,0.0,33.3,25.2,0.0,32.7,25.0,0.0,32.5,21.0,-1.0,32.1,24.4,-1.0,33.4,24.2
4981.041221602134,5323.330205,0.0,209.4408448918089,325.76323782542113,0.0,5.555555555555556e-06,43214.0,2.2,33.9,26.0,0.0,33.0,26.1,0.3,33.3,26.3,1.5,32.7,25.2,-1.0,33.1,25.6,30.8,30.0,20.8,6.8,32.4,23.9,12.1,32.4,23.8
4382.460128900634,4646.703195,0.0,249.5680753217078,320.814921875,0.0,5.925925925925926e-06,42106.0,0.0,32.9,25.0,-1.0,32.1,27.0,23.6,32.7,24.0,0.0,32.2,24.2,22.3,32.8,24.1,35.5,27.8,20.4,-1.0,30.8,22.8,1.0,30.6,23.6
3619.245872644887,3821.240501,0.0,216.8721697233915,525.7996663194444,0.0001043550855711,0.0,40533.0,0.2,32.8,24.5,0.2,32.6,26.5,1.6,30.2,24.6,28.0,31.7,24.1,16.7,33.6,23.9,5.2,27.5,20.2,0.8,31.6,22.2,2.6,30.2,22.8
3529.143506348373,3738.19365,0.0,174.21705635259454,50.19268125,2.9217391304347823e-05,0.0,41012.0,0.0,33.7,23.8,0.0,33.2,26.0,6.8,32.7,24.6,3.9,33.0,24.0,1.0,33.2,24.5,1.0,29.0,19.0,-1.0,33.4,22.1,1.4,30.9,23.2
3762.1207208319233,3988.148459,0.0,183.07962660387415,309.66066249999994,3.4774141948047435e-05,0.0,39695.0,0.7,33.8,26.4,0.0,33.6,25.0,9.6,34.1,25.1,0.2,35.0,24.9,35.8,33.5,23.8,0.0,29.5,19.2,1.2,33.1,23.1,0.0,33.4,23.0
3604.977415313172,3795.750845,0.0,33.59269277295114,88.99946736111112,3.475238922675934e-05,0.0,37131.0,0.4,31.5,26.0,0.4,33.4,25.4,0.0,32.5,24.2,19.6,32.2,24.5,2.2,32.2,24.0,35.8,26.0,19.0,0.0,31.4,23.8,7.4,32.4,23.2
4199.377758586206,4483.498508,0.0,359.32921497220156,245.14399131944444,0.0,17.717379861111112,42549.0,3.6,32.2,26.0,0.0,34.4,25.8,0.0,33.5,24.0,0.2,34.4,25.3,0.4,34.5,24.8,1.0,29.5,21.0,2.0,31.4,23.7,0.0,33.0,23.4
3634.699421542308,3860.573708,0.0,3.781401000310831e-05,0.0,0.0,1333.3333333333333,41456.0,3.2,30.1,24.6,21.2,31.4,25.0,0.8,32.4,23.7,17.5,32.6,24.2,23.4,29.0,23.5,5.7,26.5,20.0,7.0,28.1,23.0,11.6,31.2,23.3
3531.412755466315,3716.103394,0.0,314.2438914123741,210.19592821969695,6.25e-06,29.592422222222226,40278.0,12.2,31.7,24.9,2.2,28.0,25.0,1.0,33.5,23.9,10.3,30.5,23.7,2.1,28.5,23.7,2.6,26.6,20.0,8.6,30.4,23.3,17.5,32.3,23.2
4701.491007,5011.918627,0.0,337.73083689350403,333.0789867595819,0.0,0.0,42656.0,0.0,33.5,24.7,0.5,32.2,25.2,0.0,33.7,24.8,0.0,32.7,24.1,18.6,32.9,24.2,16.0,29.0,19.5,0.0,31.3,22.6,9.0,34.6,22.8
5581.891590411488,5968.25518,0.0,838.3382022821576,889.3294624535316,0.0,27.514213888888893,43186.0,7.6,33.0,25.8,14.4,32.2,25.4,1.7,34.4,25.0,17.9,32.6,24.4,0.0,33.0,25.2,34.8,29.5,20.2,0.4,31.8,23.7,5.0,32.5,22.9
3454.411834366922,3646.906816,0.0,1.466768525592055e-05,27.3651765323993,0.0,0.0,39314.0,17.6,33.5,24.3,1.0,31.0,25.0,13.4,29.1,25.1,8.4,30.9,24.3,0.0,33.2,24.8,40.3,26.8,20.1,5.6,27.0,23.4,17.0,29.3,22.9
1720.750847870392,1812.590257,0.0,140.65373057703667,33.96312708333334,0.0002795138888888,2666.6666666666665,36269.0,0.5,32.0,26.1,-1.0,30.0,26.0,0.5,31.8,25.4,2.7,31.2,24.6,0.3,33.0,24.5,-1.0,28.8,20.4,0.0,31.3,23.7,4.0,31.0,22.8
3068.080198358367,3269.35476,0.0,938.3705336990972,65.31244756944444,2.0833333333333334e-06,1333.3333333333333,40869.0,1.4,32.4,26.5,20.8,30.4,24.2,0.0,32.7,27.2,5.7,31.4,24.0,0.9,33.2,25.0,2.2,27.5,20.0,8.2,31.1,22.9,-1.0,32.5,22.9
3062.5468662751487,3197.668874,0.0,1582.2241712751825,0.0,6.944444444444445e-07,1.388888888888889e-06,40517.0,3.4,33.5,24.4,0.0,33.0,26.4,0.0,34.4,26.3,0.2,34.2,25.5,0.0,34.0,24.8,-1.0,28.0,19.5,2.2,28.5,22.6,0.2,29.3,25.6
3823.185949832126,3997.796553,519.0,339.9304233015407,334.5661521663778,7.621430118722354e-05,3.1249999999999997e-06,42646.0,0.0,33.7,27.7,0.2,33.8,24.9,0.0,34.9,25.8,12.5,34.8,24.9,8.0,34.0,25.2,0.0,28.5,20.0,0.0,33.1,22.6,0.0,32.8,22.8
4414.544910167411,4783.522357,223.5,1309.5046270094565,191.83630589878396,0.0,13.96935451388889,43758.0,-1.0,32.9,26.8,3.0,34.0,25.6,4.0,33.9,24.1,1.4,34.3,25.5,0.9,34.2,24.0,8.2,26.8,19.8,0.0,30.1,23.0,-1.0,33.6,22.5
5054.378951362743,5489.300578,4130.0,1831.9268682400932,664.5257218444182,16.73092282039145,64.75788534447557,41964.0,5.6,31.3,24.6,0.0,31.0,23.0,0.3,31.2,24.5,-1.0,32.5,24.5,2.9,31.0,24.5,3.6,27.4,19.4,-1.0,30.4,24.1,0.3,31.0,23.0
3804.693492519366,4101.800092,0.0,1477.2788979823106,70.86883888888889,0.0,0.0,40848.0,0.0,33.2,26.7,0.0,31.9,26.0,0.0,34.8,25.5,0.0,32.9,25.2,0.2,31.8,25.0,3.6,30.0,19.8,0.0,31.1,22.7,0.0,30.5,23.0
3541.499121931589,3739.758101,0.0,35.94254735013032,26.956898523023455,0.0,9.375e-06,38892.0,0.0,33.3,25.2,0.0,32.2,26.5,0.0,34.7,24.7,0.0,33.8,24.5,0.0,33.5,25.2,2.2,30.2,19.2,0.0,33.4,21.8,0.0,33.2,23.2
8469.872807328991,8722.613008,15170.0,3303.0006993055554,1696.7471354313138,0.0069502300677287,176.9470790344867,44621.0,0.0,32.9,25.6,0.0,34.5,26.4,0.0,35.2,24.5,11.8,34.5,24.0,0.0,35.0,25.2,0.0,31.0,20.0,0.0,32.0,22.8,0.0,35.2,24.0
4052.6180629393,4256.484763,2430.0,111.88112304031932,81.9472253450181,1.7117768020897014e-05,6.944444444444445e-07,44554.0,-1.0,33.5,25.6,0.0,34.6,24.0,0.0,35.4,24.0,-1.0,34.9,24.0,0.0,34.7,25.4,0.0,30.5,18.5,0.0,32.4,22.2,0.0,33.6,23.0
4563.620890434706,4784.159338,4185.0,211.0407418891646,156.87358491809616,0.0033345184694445,0.0,44929.0,0.0,34.1,25.7,0.0,34.8,26.2,0.0,36.2,25.0,0.0,34.4,24.0,0.0,35.0,24.6,0.0,31.0,18.0,0.0,33.0,22.2,0.0,34.3,23.6
6988.589920709373,7269.462806,5515.54,1424.6128721728735,850.4475575925954,7.443398253226721,43.39802604166667,44824.0,0.0,34.0,25.2,0.0,34.6,25.5,0.0,36.1,25.0,7.7,34.1,24.2,-1.0,34.7,23.6,5.8,31.2,18.6,0.0,33.6,23.1,0.0,33.8,23.3
9528.819936356094,9824.855565,34830.4,3245.9904009549273,1939.631514019954,32.71886146291031,172.72102990091057,46857.0,1.6,33.9,23.8,0.0,35.4,26.0,0.0,35.7,24.4,0.0,34.0,24.3,0.0,35.1,23.5,1.0,33.4,19.5,0.0,33.6,24.4,0.0,34.8,23.2
3979.575520401303,4165.390072,27044.17,4.168012924071082e-05,0.0,7.6557617148526464,0.0,43957.0,0.7,34.2,26.4,0.0,34.6,26.2,0.0,35.2,24.4,0.0,33.9,23.9,0.0,33.2,24.0,0.0,33.0,19.2,0.0,33.2,24.2,2.0,34.9,23.0
3787.546503557507,3953.164204,30266.85,11.950176497410688,0.0,1.2055728500219627e-05,4.166666666666667e-06,41882.0,0.0,35.0,26.2,0.0,33.8,25.6,0.0,33.4,23.4,0.0,33.7,23.7,0.0,34.3,23.6,0.0,32.0,18.8,0.0,33.4,22.9,3.2,34.8,23.2
9424.158967311878,9762.160386,41862.39,3174.7775473970933,1872.5717382597695,0.0,99.09244305555556,47207.0,0.0,34.5,26.1,0.0,34.0,27.0,0.0,34.7,25.2,0.0,33.5,23.7,0.0,35.0,24.1,0.0,31.0,19.8,0.4,32.7,22.3,5.0,32.2,23.3
7967.238023774568,8236.648638,37161.72,2337.082765395324,1304.8573019428725,1676.7949688420456,136.60553819444445,47897.0,0.0,35.1,26.3,0.0,33.5,25.6,3.2,35.3,25.1,0.0,34.0,24.4,0.0,35.0,25.4,0.0,30.5,20.0,-1.0,31.8,22.8,0.3,24.6,23.4
4331.6074641503355,4534.866408,37635.74,136.6492034722222,94.6264848296074,0.0,6.944444444444445e-07,47671.0,0.0,35.9,26.5,0.8,33.7,26.4,28.3,33.9,26.1,30.5,32.9,25.0,0.0,34.5,26.0,1.4,30.5,20.2,2.0,30.5,23.6,49.6,33.2,23.8
4322.520346305342,4507.709559,41652.27,220.5370831996577,188.28800153279013,1.4564394870030957e-05,1.9097222222222225e-05,47034.0,0.2,33.7,25.2,-1.0,31.2,24.8,9.8,30.9,24.9,1.2,31.2,25.0,0.0,33.6,24.6,7.4,27.0,19.7,1.6,30.2,23.4,6.1,32.4,23.6
3935.600603726409,4096.805631,39542.18,129.72219930555556,88.53943917610941,2.042287540410984e-05,0.0,45863.0,19.6,32.7,25.2,-1.0,33.8,25.2,43.5,31.0,23.9,1.6,31.3,24.5,-1.0,33.8,25.1,8.1,28.0,20.2,0.4,30.8,23.7,10.6,31.4,23.2
3322.396591906384,3462.966231,32293.86,1.525293666253468e-05,0.0,1.5883847891566264e-05,5.208333333333334e-06,42419.0,0.0,32.1,25.8,122.2,32.6,24.0,21.8,28.4,23.2,-1.0,31.0,24.0,0.0,32.8,25.1,17.5,28.4,20.0,20.6,28.5,22.5,-1.0,30.4,23.2
2845.6688400460102,2952.515731,28906.79,2.0833333333333334e-06,0.0,2.911444362775514e-05,5.208333333333334e-06,39940.0,17.8,33.7,24.6,2.5,31.4,25.7,0.1,32.8,24.5,3.0,33.2,24.4,0.0,33.0,25.0,7.9,29.6,20.5,0.0,29.6,23.4,-1.0,33.5,23.6
3083.9841453077142,3205.533039,24237.01,0.0,0.0,0.0,6.2513623087318535e-06,43601.0,11.7,31.4,25.3,1.5,30.4,24.2,0.0,33.4,23.8,0.0,32.4,24.2,-1.0,33.2,25.3,0.2,30.5,20.0,1.0,29.5,22.5,-1.0,32.0,23.4
3570.675714887017,3615.670504,23999.25,443.77862977470295,9.497390878131394,0.0030823880653331,0.0,43986.0,6.7,32.7,25.6,122.2,31.4,24.0,-1.0,33.6,25.4,1.2,31.8,24.6,0.0,33.1,25.2,2.0,28.5,21.0,-1.0,31.4,23.1,-1.0,32.2,23.0
3913.7774849185344,4084.943821,63941.11,3815.6074971340818,24.61850065467591,12.79756642946294,5.208333333333333e-06,46865.0,5.0,32.9,24.6,18.4,31.2,24.6,61.0,33.3,23.2,10.3,30.7,24.0,32.0,32.2,24.2,12.4,28.0,20.8,3.0,28.6,23.9,31.8,32.6,23.0
3647.315482348721,3810.484167,63958.53,3547.611497890059,0.0,8.367772917238077e-06,0.0,46508.0,0.0,31.3,25.6,9.2,31.4,24.4,7.0,32.0,23.6,0.0,32.3,24.7,0.0,32.3,24.0,29.2,27.5,19.1,0.0,30.7,22.8,3.0,31.2,22.8
3914.0167056546343,4151.243874,56064.69,0.0011373057500116,0.0,8.34480744356824e-06,6.944444444444445e-07,46036.0,3.7,33.3,24.4,0.5,31.2,24.0,0.1,33.4,25.0,0.0,33.4,25.0,0.1,32.5,23.8,6.2,29.6,20.1,-1.0,29.5,22.9,3.0,30.3,22.9
2528.9812777658185,2634.632019,9292.5,3.946077444826989,4.003712152777777,7.259118259102128e-05,0.0,40191.0,6.1,32.3,24.0,13.8,33.6,24.9,2.1,32.8,24.0,1.7,33.2,25.0,0.4,34.0,24.2,28.0,29.5,19.4,0.2,30.2,23.3,10.8,30.4,23.3
2039.49442426899,2130.731821,0.0,28.067230920458982,21.25627314335454,0.0001339962165774,1333.333345486111,36655.0,15.6,32.3,24.8,12.4,33.0,24.6,0.0,34.3,24.8,0.0,33.7,24.4,5.8,32.0,24.1,2.4,30.4,20.2,11.2,31.8,23.0,-1.0,33.8,23.6
2116.0165361844206,2406.838687,6522.28,6.211237623039859e-05,0.0,393.4677575652174,1334.219657986111,37732.0,29.4,31.4,24.6,1.0,31.2,24.2,1.0,31.9,24.1,-1.0,33.7,25.1,26.7,28.8,23.0,0.4,30.5,20.0,0.4,29.4,23.4,16.0,32.6,23.0
7870.787589975366,8310.145687,66705.71,1393.5875944870952,1517.832931234958,0.0065975874751414,4.255957986111111,46240.0,1.7,32.7,25.2,0.0,32.6,25.0,5.8,33.6,23.5,0.1,32.6,24.4,-1.0,32.5,23.6,10.5,29.4,20.5,0.4,28.8,23.3,11.1,32.2,23.4
5790.884198791676,6122.011463,38916.71,207.14510409586055,214.16203954140488,0.0,0.0,44529.0,1.7,31.7,24.5,7.9,33.2,24.8,-1.0,32.8,24.6,7.9,32.8,23.8,43.4,33.0,23.8,57.0,28.5,19.8,-1.0,30.4,22.2,34.8,30.0,22.8
6576.726572238715,7021.918109,34805.74,576.1496961457935,567.165859375,8.333333333333332e-06,0.0,44938.0,14.0,33.0,23.9,0.9,32.8,25.9,0.0,34.4,24.6,0.6,33.3,24.0,0.0,32.4,23.8,6.4,30.0,19.2,0.0,33.2,23.2,0.0,33.8,23.0
7322.05206,7841.748723,24630.29,957.2731726107282,1015.619981184669,3.339130434782608e-05,1334.7028645833334,44258.0,0.0,33.2,25.0,-1.0,33.5,26.6,0.0,34.2,24.6,0.0,33.2,24.7,0.0,33.0,24.5,2.6,30.5,20.0,0.0,30.6,22.7,0.0,30.5,26.0
4651.919551600843,4850.296314,-10544.18,393.5239535702297,323.1041933736314,0.0,0.0,40413.0,0.4,34.3,24.3,0.0,33.6,26.5,2.5,34.1,25.8,0.0,34.0,24.4,0.0,33.7,24.2,12.9,28.5,19.6,0.2,31.6,22.5,-1.0,33.0,23.4
3501.793335184125,3639.770399,-15253.5,2.083333333333333e-05,3069.9889499881624,199.27167882674357,0.0,36438.0,-1.0,33.4,26.6,-1.0,33.6,26.0,16.1,33.1,25.8,2.2,35.0,25.1,0.0,34.3,25.0,55.0,29.6,20.8,12.2,29.9,24.0,1.0,33.2,23.0
3733.467297087805,3887.732876,-11217.25,6.337470859174261e-05,3034.6997494623656,8.602150537634407e-06,0.0,37004.0,0.6,33.1,25.0,0.0,33.4,25.0,50.1,31.0,24.6,3.5,31.8,24.7,3.1,34.1,24.7,26.5,27.0,20.5,1.8,33.1,23.1,5.0,31.0,23.1
5158.557054482598,5474.752835,-26457.4,507.4774597838671,3772.4726252631576,2.713450292397661e-06,3.1249999999999997e-06,39769.0,0.0,33.2,26.4,0.0,32.8,25.2,0.0,33.4,23.8,-1.0,33.6,24.5,0.0,32.2,24.7,-1.0,29.0,18.5,0.0,33.3,22.2,0.0,32.3,23.7
6125.462640806655,6479.952315,-29534.24,1096.7198085391274,5048.128772253129,0.0,12.565759027777776,41527.0,0.0,34.2,25.3,0.0,33.8,27.3,0.0,34.3,24.8,0.0,34.2,25.0,0.0,34.7,25.1,0.0,29.0,18.2,0.0,32.9,22.5,0.0,33.5,22.6
6910.124615885607,7239.434567,-27009.07,1688.2879131466536,2514.0886639762616,0.0,38.02320694444444,42163.0,0.0,33.9,25.9,0.0,34.0,27.5,0.0,34.9,25.0,0.0,35.0,24.8,0.0,33.7,25.0,0.8,30.6,19.5,0.0,33.8,22.8,0.0,35.8,22.8
6574.670509869514,6894.424877,-18140.24,1320.1941487581698,1399.6460849889625,0.0,27.871490277777777,42516.0,0.0,33.7,25.7,0.0,34.0,26.2,0.0,34.8,24.3,0.0,34.7,24.6,0.0,34.5,25.2,19.6,31.2,20.2,0.0,33.4,22.5,0.0,35.0,23.4
4389.569115979731,4604.842205,-16070.22,240.9276161721552,232.62533055555556,8.333912077227585e-06,0.0,41075.0,1.3,32.7,27.0,0.0,33.8,26.2,0.0,33.0,24.8,0.0,34.9,25.0,0.0,35.3,25.7,14.8,29.5,20.0,0.0,31.8,23.2,0.0,34.6,23.7
3631.9176910968754,3801.665579,16519.55,1.5838832928100034e-05,0.0,0.0,6.944444444444445e-07,40507.0,0.2,33.3,25.7,0.0,34.6,26.0,0.0,34.0,24.2,0.0,33.8,24.9,0.0,34.5,26.0,1.0,31.0,20.1,0.0,31.3,22.8,0.0,31.5,23.5
7577.766551063181,8039.053013,827.56,2125.237840069801,2438.5449348790994,0.0,16.523744097222224,43981.0,0.0,32.5,26.3,0.0,34.8,26.0,0.0,34.5,25.9,0.0,34.1,24.7,0.0,35.1,24.3,0.2,32.4,19.8,0.0,33.6,24.3,0.0,34.4,23.2
8779.062819220402,9251.650318,-3607.06,2828.961346608874,2797.400613527181,0.0,77.17809340277779,44776.0,4.2,32.6,24.9,0.0,33.8,25.2,2.8,35.8,24.5,0.0,34.9,25.3,0.0,35.0,26.2,2.0,32.8,20.5,4.0,33.5,23.0,2.0,34.6,23.3
7458.943013927354,7875.863646,1275.5,1637.7060401990395,1637.8047416666666,0.0,6.023035069444446,43960.0,-1.0,32.4,25.1,0.0,32.4,25.0,12.0,34.1,24.5,13.7,33.3,24.7,12.8,33.7,24.4,1.6,31.0,20.2,2.2,32.7,22.1,43.4,33.8,23.2
8495.340244024525,8970.832666,10033.33,2535.6620619153477,2570.000234722222,0.0,151.16569554049548,44280.0,5.7,33.5,25.0,-1.0,33.8,25.7,0.0,33.4,25.2,0.2,32.3,24.8,0.1,33.5,24.4,7.8,32.5,19.8,-1.0,32.0,22.3,3.0,32.6,23.0
8049.457526,8632.069209,28287.23,2290.1170318502905,2314.8826097222222,4.166666666666666e-06,169.69611840277778,45101.0,108.6,35.0,24.0,0.0,33.8,25.9,0.0,34.3,24.7,0.2,32.6,24.9,2.0,33.0,24.0,2.4,30.0,19.5,-1.0,32.3,23.9,-1.0,32.4,23.4
3511.7755107603293,3675.076152,54700.43,3.334619837900424e-05,0.0,0.0,0.0,44157.0,0.0,32.8,24.8,0.0,32.8,25.7,-1.0,34.9,25.3,0.0,33.7,24.1,10.6,33.3,24.2,22.2,32.5,21.0,0.0,32.2,22.9,0.0,31.2,23.2
3964.5011057418633,4135.525392,50766.22,52.7081041922788,515.6447245630594,426.6942383135079,0.0,41451.0,-1.0,32.7,25.1,0.0,34.6,26.2,0.8,31.6,23.0,-1.0,33.8,24.5,0.4,33.2,23.1,28.0,29.0,19.0,16.4,32.2,22.8,9.4,32.2,22.8
4844.824412443156,5121.450371,36447.04,0.0,354.78939729195724,0.0,0.0,44949.0,1.8,33.4,24.0,22.4,33.8,24.8,0.0,33.8,24.4,23.0,32.9,24.0,0.0,33.0,25.0,0.0,30.8,19.8,1.0,31.9,23.2,14.4,33.4,22.8
5982.992286478046,6305.984038,32204.35,0.0,1092.97298463488,23.50160730133529,23.125860235604826,44842.0,4.8,34.6,24.4,2.6,31.3,24.8,15.6,33.2,23.0,1.0,33.0,23.9,0.0,32.9,24.5,3.2,30.5,20.0,0.6,31.6,23.4,15.4,33.8,23.0
4659.580011109782,4886.435485,35082.34,0.0,340.00320554719417,0.0,3.819444444444444e-06,44781.0,-1.0,33.0,24.8,-1.0,32.9,25.5,31.3,32.3,23.5,14.2,32.2,24.2,-1.0,33.0,24.2,7.5,30.5,20.0,8.4,29.8,23.0,5.2,33.0,23.4
4456.397884673565,4676.905977,42140.6,0.0,1220.6980098628535,2.808671834302765e-05,0.0,45634.0,-1.0,34.1,25.2,-1.0,33.0,25.5,1.0,29.1,23.2,0.2,32.2,24.5,17.7,32.4,24.3,25.4,29.0,19.5,0.0,31.6,22.6,1.5,31.8,23.0
4772.711291470987,5009.831234,53973.67,0.0,721.3008933287006,1.6685360450133947e-05,0.0,46598.0,1.2,32.1,25.0,0.0,34.0,24.9,0.0,34.5,24.1,32.3,34.0,23.2,4.6,34.0,24.0,22.0,31.0,19.2,0.0,31.7,23.0,0.0,32.0,23.0
3989.365770423325,4178.644248,53740.12,0.0,533.996919503546,196.72960231967383,0.0,44609.0,42.2,34.7,24.1,-1.0,32.6,25.5,5.4,34.6,24.9,0.0,33.3,25.0,0.2,32.6,24.8,1.6,30.0,20.2,3.0,31.8,22.5,2.5,31.5,23.5
4098.782356950507,4292.735184,68691.1,0.0,1250.8069103185176,313.6146132051588,0.0,42563.0,5.4,32.7,24.1,8.0,33.4,25.2,4.4,34.1,24.5,2.2,34.3,25.5,23.6,33.8,23.8,1.0,32.8,20.0,0.2,30.5,22.9,46.0,33.0,22.7
8297.331067,8787.169793,32886.05,0.0,2436.747304149086,0.0,51.237789310530985,44182.0,0.2,31.0,25.2,-1.0,32.6,24.0,-1.0,33.4,25.0,8.8,34.5,23.8,11.2,34.0,23.6,0.2,31.5,18.5,0.0,29.8,23.1,8.2,32.4,23.4
9404.278433733907,9956.115881,19259.79,0.0,6428.886280601917,3509.995152055449,81.93796805555556,44631.0,0.0,32.2,25.9,0.0,32.8,26.0,-1.0,32.5,24.0,13.7,32.6,23.5,7.5,33.0,24.5,0.8,32.0,21.0,0.0,31.7,23.6,0.5,31.8,23.0
8343.332249,8815.531436,28941.87,0.0,5193.484101563029,6556.310586422213,0.3510555555555555,45199.0,-1.0,32.1,24.6,7.4,33.8,24.6,0.0,33.0,25.0,0.0,32.5,24.5,32.8,33.2,23.8,15.6,31.5,19.5,4.4,29.1,23.3,8.1,33.2,23.0
7411.634524344507,7854.14036,59795.65,0.0,4819.78946765354,18536.49312659749,0.0,46912.0,73.2,32.6,24.2,1.4,29.8,25.2,0.0,33.7,25.0,0.0,32.9,24.6,85.2,32.1,23.4,42.4,29.2,19.3,4.8,29.9,23.5,2.0,31.0,23.4
5403.912626295825,5716.594009,49245.07,0.0,1511.2172747356933,20232.680105208336,0.0,45379.0,61.8,32.7,24.8,1.9,31.4,24.8,1.2,33.6,24.6,27.6,32.8,23.2,2.7,31.0,23.8,12.0,29.4,20.0,0.0,31.9,22.3,16.8,30.9,22.6
3955.9866261365783,4171.167516,33755.43,0.0,787.3976614884393,16395.68540824904,0.0,43483.0,0.0,34.2,24.4,6.2,33.6,26.1,0.0,33.8,24.7,2.8,33.2,24.4,0.0,33.2,25.2,5.0,28.2,19.5,0.0,34.1,22.4,4.2,33.3,22.8
3808.446996,4018.423539,36914.49,0.0,1814.2316766780432,6370.495271240045,0.0,41880.0,-1.0,34.2,25.8,0.2,32.4,25.5,0.0,34.9,25.0,0.0,33.9,25.3,-1.0,33.0,24.9,8.0,29.5,24.5,1.8,31.9,23.4,-1.0,33.6,23.0
5165.630637231323,5516.312053,37225.05,0.0,5292.285820613322,139.35262797979797,0.0,46763.0,0.0,33.1,24.7,4.0,34.0,25.0,5.4,33.9,24.7,32.9,34.2,24.7,39.9,33.5,25.0,-1.0,31.0,20.4,0.6,32.0,24.0,39.2,33.4,22.8
4135.790106402177,4334.509784,61791.4,0.0,4079.223603672104,1473.730187024427,0.0,48052.0,12.0,32.7,24.7,42.0,32.2,24.6,-1.0,32.8,24.9,18.1,32.9,25.0,5.0,33.0,24.9,0.0,29.5,20.0,24.8,29.0,22.2,28.8,30.2,23.2
3143.1162908883534,3220.638887,45778.97,0.0,3008.946434568762,1389.9492311235608,1.388888888888889e-06,46297.0,0.0,33.9,26.0,34.0,32.0,24.0,22.9,31.8,24.2,2.4,32.9,25.0,0.0,32.6,25.4,6.2,27.0,19.8,6.6,29.8,22.7,3.0,29.0,22.8
4000.364053912624,4178.616139,58889.26,0.0,3786.373371410917,1334.2830245056955,21304.813109251776,48208.0,0.0,34.5,25.6,1.4,31.4,24.0,4.8,33.4,23.5,0.0,31.5,23.8,0.0,32.9,25.5,38.6,28.2,20.4,-1.0,30.3,22.5,0.0,32.5,23.1
4463.260610787369,4712.400682,62039.98,0.0,4223.141589086463,2214.3136463759724,32000.00040710465,48449.0,0.0,33.7,26.0,0.8,31.6,26.1,14.4,32.6,25.5,0.8,33.7,25.0,0.0,32.8,25.5,3.5,28.5,20.8,-1.0,30.8,23.1,0.0,32.2,23.5
3663.515068345356,3834.8785,68605.32,0.0,94.97391448936726,158.8639476516574,32150.299037710807,47649.0,0.0,34.1,26.9,0.0,32.8,25.2,2.2,33.4,25.5,0.7,32.2,25.2,0.0,33.0,25.6,9.6,28.0,20.2,0.0,32.7,22.8,5.0,33.0,23.0
4065.644269412686,4267.072062,64143.95,0.0,662.8972800823105,162.57682893886974,32000.00045999934,43950.0,0.0,34.1,26.2,0.0,32.6,26.5,0.4,33.2,25.5,0.0,34.1,25.1,0.0,34.0,25.0,19.9,27.0,19.4,0.0,32.4,23.9,1.0,31.4,23.0
9497.986472,10310.13656,28837.99,0.0,1776.800465933965,8018.172557442441,32238.932473793506,45980.0,0.0,33.9,26.3,0.0,33.8,25.0,0.4,34.2,25.5,10.0,33.0,24.5,1.0,33.5,24.5,25.4,30.5,19.6,0.0,31.6,23.7,2.2,33.5,22.8
8590.434303294067,9183.980031,38829.82,75.42345069444444,2954.2765623824316,593.753485653413,34.06456180555555,48183.0,0.0,33.5,25.1,0.0,34.6,26.0,0.3,34.7,24.1,0.0,34.1,24.4,0.0,34.0,23.8,3.8,31.0,19.5,0.0,32.9,22.9,0.0,34.5,23.0
9145.726129,9806.088719,38528.14,1471.524532638889,61785.19781395107,56862.565222438425,20.446695833333333,48882.0,-1.0,34.0,24.8,0.0,35.0,24.4,0.1,34.8,25.1,0.0,33.8,24.0,0.0,34.5,23.4,0.0,33.0,17.0,0.0,33.7,22.6,0.0,31.0,26.4
8924.700888010233,9657.393716,28910.16,1916.8512392361115,5357.700369085083,3591.0036277219556,143.92812013888891,47696.0,0.0,34.6,25.0,0.0,34.4,25.5,0.0,35.2,24.4,0.0,34.1,24.4,0.0,34.2,23.8,0.0,33.1,18.2,0.0,33.3,23.3,0.0,34.4,23.0
8753.278722566296,9331.69979,39276.1,1527.3969860627176,4628.031997097933,2553.2136879816585,50.59804732477618,48868.0,1.4,34.8,24.9,7.0,34.0,25.0,0.0,34.6,24.6,0.0,34.6,25.5,36.0,34.7,24.3,1.0,32.0,19.5,15.6,33.7,22.9,1.5,33.4,23.2
3748.29690434993,3895.321887,40149.38,191.3923642361111,2861.8407868399586,2303.129473330858,1.388888888888889e-06,44862.0,16.0,34.4,23.8,0.0,32.8,25.0,4.2,34.6,24.0,0.0,34.1,25.4,34.9,31.6,24.5,0.0,31.0,20.0,3.2,31.7,24.0,6.0,34.5,22.9
2980.173933390438,3089.858542,59947.61,0.0,3577.784487006071,2175.525352157658,2666.6666666666665,44303.0,11.0,34.6,25.1,10.9,33.6,24.8,4.2,33.4,24.8,13.1,34.4,25.5,0.0,32.5,24.9,2.0,31.5,20.0,0.0,31.0,23.5,33.4,34.2,23.0
4855.786228,5136.895947,64800.0,0.0,3867.223610406288,2512.7219680121852,0.0,49412.0,1.3,33.5,25.0,10.1,31.8,25.5,-1.0,31.8,26.1,1.0,32.8,25.5,29.5,32.5,24.5,45.4,32.5,20.0,-1.0,30.7,24.1,3.8,34.0,23.2
3389.578116607172,3551.858879,64756.16,0.0,373.3730391741536,392.2562562477708,0.0,49469.0,7.8,34.0,24.8,7.2,29.0,24.2,6.6,31.2,23.5,9.7,29.8,23.6,8.9,30.1,24.7,1.8,29.5,20.4,0.4,28.2,23.9,6.9,32.4,22.8
3315.8651930384917,3473.203413,64768.51,0.0,1425.5169354368377,38.93679423697556,6.944444444444445e-07,48760.0,1.2,34.0,24.8,0.1,31.3,25.5,0.3,33.6,24.2,3.7,32.1,23.9,0.0,31.3,24.0,26.0,28.5,20.5,-1.0,32.9,23.6,-1.0,32.0,23.3
3812.065421952899,4021.263576,64288.76,0.0,1609.9541510085294,39.78874913554633,6.944444444444445e-07,49219.0,7.2,34.7,23.5,0.0,33.2,26.0,0.0,34.1,24.2,1.1,33.6,24.8,0.0,32.7,24.8,8.1,31.0,20.0,9.6,32.5,23.7,1.2,34.0,23.4
3795.881535487027,3996.01473,63257.34,0.0,1562.721336577916,573.5613460235131,20170.956705262222,48131.0,1.6,30.5,24.4,5.6,31.2,26.0,-1.0,32.8,24.9,0.0,33.1,25.0,-1.0,32.0,25.2,6.6,28.5,20.5,0.0,29.8,24.1,0.4,33.3,22.8
1968.763654491533,2042.002592,14134.49,0.0,620.3274912229137,652.5160887909174,20000.00040867334,42635.0,14.4,32.7,25.4,7.8,33.0,25.2,0.0,34.3,24.4,-1.0,33.8,23.9,0.0,33.2,24.2,38.2,30.5,19.6,0.0,32.6,21.8,0.0,32.2,23.0
2123.938595380471,2183.915122,17231.31,0.0,2481.267759473084,1397.9849947128364,20000.0004,40920.0,43.4,33.8,24.5,-1.0,33.8,25.1,0.0,35.3,24.5,0.0,34.7,25.2,1.0,33.4,24.6,32.5,33.0,20.0,-1.0,32.6,22.9,0.0,33.4,22.9
3865.638661716006,4070.307655,54169.4,0.0,1114.735786981328,1953.0958477869983,18765.584522885,48261.0,0.0,32.7,24.1,15.1,31.0,25.0,0.0,34.2,24.7,2.8,33.0,24.7,3.3,32.6,23.5,8.8,32.0,20.0,0.8,32.9,22.6,0.0,34.3,22.8
3924.1598592437176,4140.967404,64123.75,0.0,2343.1104428826648,5542.863549902028,20000.000429791253,50060.0,2.4,34.6,24.0,-1.0,31.4,24.6,0.3,35.4,24.0,0.0,33.8,24.5,0.7,32.5,23.6,0.2,31.0,19.0,0.2,32.6,22.6,1.4,34.9,22.9
3946.495709098416,4166.874074,62448.77,0.0,1059.239579583454,5374.6215620167095,20000.00041568214,49754.0,0.2,34.7,25.6,0.0,33.0,25.2,4.4,34.4,25.1,1.4,35.0,25.2,0.0,33.5,24.4,0.0,33.5,19.5,0.0,33.4,22.6,14.0,35.2,23.0
3767.828991755677,3986.20767,59937.74,1.388888888888889e-06,614.5845917437024,5976.930437325729,20000.0004,49359.0,-1.0,33.0,25.0,0.0,32.8,25.0,1.8,33.4,24.0,14.7,33.9,24.5,0.0,34.4,24.2,28.2,33.4,19.5,2.2,32.8,22.3,0.4,33.8,22.9
